GENE,mean_abscoef,sd_abscoef
CALML3,0.033263825,0.00902072
OBP2A,0.028511394,0.012140948
SLC30A8,0.02613435,0.0067718043
KLK7,0.023344386,0.0072553144
FGFR4,0.022403225,0.008955777
DHRS2,0.021297235,0.007272448
TYMSOS,0.020478798,0.0062040226
CDKN3,0.02032087,0.0047702123
NUSAP1,0.020274881,0.00359803
MMP13,0.019782452,0.0066467775
ACP7,0.019337349,0.0046760202
CTXN1,0.018857848,0.0050052553
MIEN1,0.018828133,0.004245001
CCL13,0.018703202,0.0077535613
PDZK1,0.018535458,0.006485627
KLK12,0.01828604,0.004403897
CENPF,0.018078182,0.0038606382
ANXA8,0.017946295,0.0044808
GRB7,0.01792768,0.0047183
CEP55,0.017835308,0.0027334243
KRT5,0.017637383,0.0021553237
TYMS,0.017529152,0.0042031533
S100A14,0.017290143,0.006726797
PLA2G2A,0.017195236,0.00333601
OPRPN,0.016587874,0.008383082
SLURP1,0.0156241,0.0012478147
OVOL2,0.0153365,0.005164125
A2ML1,0.0150347855,0.0063352585
ACE2,0.015008491,0.0059279036
EIF4G2,0.0149943335,0.007086134
PCLAF,0.014928592,0.0054308064
COL17A1,0.014902386,0.0030227657
PVALB,0.014875433,0.00797588
ART3,0.014660517,0.0044078194
DEFB1,0.0144827785,0.009415831
GSTM1,0.014278898,0.0050097983
PKP1,0.014272468,0.0067045563
PRR36,0.014061476,0.0042743827
KRT14,0.014012603,0.0047850027
EGFR,0.013942489,0.0082629705
ANKRD30BP3,0.013826805,0.0074275215
HRCT1,0.01366988,0.008069819
DKK1,0.013642795,0.004201001
MARCO,0.013545437,0.0077773556
TJP3,0.013235999,0.0036409206
CEACAM5,0.013197168,0.0051747765
FDCSP,0.013181162,0.0041233236
CARTPT,0.013050674,0.0064658015
PHGR1,0.0129286945,0.006980653
RBM20,0.012821567,0.0038000625
KCTD12,0.012760678,0.004662577
MELK,0.012652837,0.0055538733
KPNA2,0.012519054,0.0061196825
CDCA3,0.012437905,0.0033247392
ALKAL2,0.012431995,0.0051648896
CDK1,0.012420734,0.0043272856
LYVE1,0.0124055855,0.004759544
AQP9,0.012378174,0.008202832
RAPGEFL1,0.012314756,0.0068775793
CORO6,0.01226618,0.010510704
DHRS9,0.012200577,0.0051864954
SPTSSB,0.012186985,0.0028925978
CDR2L,0.0121828765,0.0017150305
GPR26,0.012139816,0.0048461817
CXCL17,0.012115223,0.0051681944
NKX2-2,0.011924663,0.0039880555
KLK5,0.011905344,0.0027310804
VGLL1,0.0117997425,0.005775892
PTTG1,0.011768422,0.004398135
ROPN1,0.01174178,0.0025949269
UBE2T,0.01172629,0.0019728271
ELOVL2,0.011672076,0.0050346213
ERBB3,0.011512448,0.004902563
CGA,0.011448815,0.004772363
CST5,0.011373287,0.0036182196
NTRK2,0.011270979,0.0044095023
UGT2B28,0.01126516,0.0027511641
PIGR,0.011241725,0.0060793906
SLC6A4,0.011136242,0.0036007767
CPB1,0.011119406,0.0015668425
STARD3,0.011109603,0.0034246375
LRP1B,0.011094676,0.0041887136
SCRG1,0.011082204,0.0022789116
PTPRN2,0.011030867,0.0046658376
VIPR2,0.010878958,0.0058978572
MALL,0.010664693,0.0035987506
DSG3,0.010658798,0.0061942087
C7,0.010475067,0.007623018
RAB25,0.01041164,0.002465182
GRIA2,0.010370572,0.003479015
FOXQ1,0.0103617925,0.008738883
CLEC3A,0.010318759,0.0042111557
HOXB-AS3,0.0102922,0.006649774
KCNE4,0.010233693,0.007236984
WDR72,0.010168104,0.004842302
PRC1,0.010104868,0.004247912
CAT,0.010057392,0.0046092235
SERPINI1,0.009960674,0.003137439
OIP5,0.009951899,0.004329094
HLA-DRB5,0.009948748,0.0034967938
NEK2,0.009909386,0.0064719315
FOLR1,0.0098950565,0.0034741736
CHGA,0.009871468,0.0028844073
SNAR-A3,0.009828073,0.004455507
C4B,0.0097676255,0.0024338271
GNG4,0.009734816,0.0026855182
PTPRF,0.009733491,0.006254408
SCG2,0.009632231,0.004902945
ELP2,0.009596941,0.00560527
NCAPG,0.009574407,0.0015112495
GLDC,0.009498147,0.005283509
SOSTDC1,0.00944944,0.002997058
FABP5P3,0.009375685,0.008542969
KCNF1,0.009354703,0.0068488433
LRRC31,0.009339951,0.0068654446
MSMB,0.009301364,0.007239129
DSC3,0.009224524,0.007196934
TFPI2,0.009221855,0.0024160773
SLC25A10,0.009188307,0.003331213
ORM2,0.00913307,0.004776848
PGR,0.009075254,0.0052156257
IL6,0.009043283,0.0020423483
DCD,0.00899435,0.0011980159
GSTT1,0.008945966,0.0059987684
PRMT1,0.008911876,0.006666104
TTYH1,0.008818643,0.011100536
HOXA5,0.008780749,0.0049492707
CA9,0.008701749,0.0057948674
SLITRK6,0.00867678,0.0040682033
LIPA,0.00857734,0.0041249874
C2CD4B,0.008511537,0.0058210683
CLCA2,0.008444423,0.006054827
DLK1,0.008360697,0.003991168
CPED1,0.008344043,0.004875037
FEN1,0.008341725,0.0014759095
FOLR2,0.008322038,0.0025777253
STIL,0.008310039,0.0035415357
ADIPOR2,0.008307187,0.0051083667
BRINP3,0.00825621,0.0012950815
PPP1R14C,0.008185671,0.0074707293
ZIC2,0.008176889,0.0046515865
SPAG6,0.008156212,0.0042180973
PLAC9P1,0.008152041,0.005771372
CACNA1H,0.008105656,0.004647632
KCNMB1,0.00808857,0.0024094316
KRT18,0.008022854,0.004016241
FLJ20021,0.007992991,0.0059236703
CFH,0.007967398,0.0045057335
ASPM,0.007930859,0.003544653
FUT3,0.007794355,0.003118225
NCCRP1,0.007747777,0.006320248
RBM24,0.0077068578,0.0012784603
KRT6A,0.0075386167,0.0026751333
ACTR3B,0.007529691,0.00085737236
SERPINA6,0.007507869,0.0012986076
FGG,0.00749138,0.004958097
SCNN1G,0.0074734106,0.0033911911
AURKB,0.007410905,0.004292786
GIMAP6,0.007370309,0.002137894
MDK,0.007336178,0.0054412964
MPC2,0.007319011,0.004338928
TRIM29,0.0072887437,0.004875917
SYNE4,0.0072782133,0.0018524987
GSDMC,0.007220746,0.004711689
RALYL,0.007184569,0.0027480205
PI16,0.00717391,0.0035900185
CHURC1,0.0071266554,0.004010568
SCGB1B2P,0.0070825415,0.0019839883
CST9L,0.0070813806,0.0038551302
FABP7,0.007033147,0.0021007177
MIA,0.007002024,0.0031486668
CST4,0.0069181807,0.003545829
FGB,0.0068768496,0.0002564984
IL1B,0.0068420703,0.0059062517
UBE2C,0.0067801857,0.0014460105
WDR54,0.006778412,0.004886928
NSG2,0.006725897,0.0038876138
DDIT4L,0.0066970205,0.004786557
RTN1,0.00664196,0.00310917
WARS1,0.0066279685,0.0023098993
GABBR2,0.006612675,0.0038420123
CP,0.006609332,0.0032361706
MMP10,0.0065912837,0.0032405981
PTTG3P,0.006513794,0.0037370648
SCGN,0.0064982297,0.0034595777
MLPH,0.0064632124,0.004113689
NXPH1,0.006446556,0.0031083378
S100A7A,0.006402852,0.003788771
TFPI,0.0063958354,0.0050876606
CRISPLD1,0.0063932524,0.0046767974
SLC30A2,0.0063912813,0.0037172888
CXCL13,0.0063797664,0.0041268496
HSD17B1,0.0063612917,0.0025123556
FOXC1,0.0063149817,0.004074344
CHGB,0.006300296,0.0039976337
PNMT,0.006295834,0.001110219
MUC16,0.006290265,0.0064731627
SHROOM1,0.006263177,0.0050961217
KCNC2,0.0062473146,0.0030393922
TMEM25,0.0062452788,0.0038333784
SRPK3,0.0062437155,0.0060146204
PGC,0.006243326,0.0042053005
GOLGA2P7,0.0062221917,0.0046248734
C2CD2,0.006218651,0.0073881834
TCEAL2,0.0061987727,0.0054456806
CSAD,0.0061606807,0.0023744619
ARHGEF35,0.0060942895,0.0046626036
SPINT2,0.006063599,0.0037872496
BEX1,0.0060351314,0.0015570939
GAGE8,0.0060197525,0.0044308193
LGALS7,0.00593218,0.005746925
TPSG1,0.005909898,0.0035263596
PI15,0.0058854916,0.0026948065
EMP3,0.005878138,0.0014199
FOXA1,0.005878107,0.0020477427
S100A7,0.0057719517,0.0040942235
CYP4F22,0.0057273684,0.003844611
MMP1,0.0056996695,0.0029817682
SOX10,0.0056926105,0.0060826605
EPYC,0.0056884787,0.0036250437
KLK6,0.0056811944,0.002103646
ITPR2,0.0056789266,0.005242062
ENPP3,0.0056195827,0.0043882085
CCNE2,0.0056002964,0.006750395
SLC39A8,0.0055943285,0.0032919454
PCP4,0.005590868,0.005749672
LOC441956,0.005444128,0.00095783663
TAT,0.005401275,0.0026191745
ATAD2,0.005389082,0.00338149
SINHCAF,0.0053800023,0.0031211346
VCX3B,0.005367478,0.0027514487
RUNDC3A,0.005348457,0.003198049
ITM2B,0.005333655,0.001776483
CLDN7,0.0053087473,0.0034128213
KRT13,0.0052971025,0.003074771
DAPL1,0.0052790544,0.00316059
CYP4F8,0.005238653,0.00087797677
ABCC12,0.0052349083,0.0027338376
SERPING1,0.005224312,0.0038711007
KRT16P3,0.005196519,0.0010961893
RCOR2,0.005193594,0.0043214946
RIPPLY3,0.005182054,0.007062011
TOMM5,0.005161993,0.0052362145
BANK1,0.005127091,0.00357311
LPL,0.0051015867,0.0050833803
TPPP3,0.0050815344,0.0033879224
COL2A1,0.005076351,0.0031327188
RBP5,0.0050361142,0.0056789913
TMSB15A,0.0050304993,0.0034132402
SOWAHA,0.0050163306,0.0051063173
AXIN2,0.004998983,0.0029167337
SNHG29,0.004983851,0.0062498436
SORCS1,0.004976864,0.0022319853
TRH,0.004947415,0.0029172155
KRT16,0.004898064,0.0068234596
SLC39A6,0.0048885667,0.004116193
GPRIN2,0.0048787626,0.0030170453
PSMD3,0.004854087,0.002037958
SPANXB2,0.004851061,0.0029307145
CXCL11,0.004840836,0.0032103893
FAIM2,0.004799574,0.0038885046
CCNB2,0.004793122,0.0031356467
LXN,0.004724942,0.0032189495
DAB2,0.004720116,0.0028541177
CXCL16,0.004673438,0.0032630889
CYGB,0.004671735,0.0028015133
TUBA1C,0.004655714,0.0034963668
SLC1A1,0.0046417406,0.004632579
TMIGD3,0.004639158,0.0035435646
SCGB3A1,0.004619698,0.0028815828
NPY5R,0.004596358,0.0019665917
PIGQ,0.0045923423,0.0015448771
TSPAN3,0.004583893,0.0031287496
GAS6,0.0045810873,0.0030546503
MN1,0.0045560594,0.004357805
PGGHG,0.004541467,0.0045464626
CDHR3,0.0045187185,0.0031701385
ABAT,0.0045164274,0.0036066226
RNF126P1,0.004494138,0.0044877366
CAST,0.0044911318,0.0044911345
RDH16,0.004479333,0.004640057
CHRD,0.0044760318,0.0039150766
GPX2,0.0044669616,0.0024343838
C18ORF32,0.0044666743,0.0026249692
PYDC1,0.004449281,0.004339463
XIST,0.004440382,0.00447205
GIMAP7,0.0044204523,0.00243663
MOCOS,0.0043775775,0.004734975
SERINC2,0.0043760384,0.0023864284
SYT1,0.004375777,0.0045475527
PIR,0.004366517,0.0029821785
GAD1,0.004352226,0.0031320222
CALY,0.0043479423,0.0027137084
NDST4,0.0043463707,0.0029950181
INSM1,0.0043279673,0.0026184455
PRSS8,0.00430501,0.00549007
H2AC8,0.0042980765,0.0038452137
IGLL1,0.0042689843,0.003198564
SLC26A3,0.00426564,0.003463029
SYNPO2L,0.0042330367,0.002146393
HOXC6,0.0042230394,0.0044141095
FAM171A1,0.004213743,0.004763344
AOX1,0.0042041023,0.0025832544
RPS24,0.004187627,0.0057817656
CST7,0.0041703884,0.0027299325
AKNA,0.004164016,0.0041967793
TUFT1,0.004137138,0.0032354714
SRD5A1,0.0041177925,0.003179844
MORF4L2,0.0041121696,0.0040532607
GGCT,0.004107709,0.0041262936
VCX,0.004098748,0.0058750585
TMEM14C,0.004091894,0.004285209
EPN3,0.0040912027,0.0040995697
UGT2B10,0.0040540732,0.0027022606
TIMP4,0.0040528537,0.0032227112
SEC23B,0.004002934,0.002708614
BTG2,0.003982207,0.0044486504
CACNG1,0.0039778585,0.0023791636
ACTG2,0.003958896,0.00319553
MED24,0.003958471,0.0026150292
FHL1,0.0039160247,0.0023831688
EDN2,0.0038988553,0.004531304
PI3,0.0038977773,0.003902625
CD38,0.0038692756,0.0028008404
CRABP2,0.0038671046,0.0028316677
TRPV6,0.0038472924,0.0042119077
SFN,0.003844208,0.0030864463
IGF2BP2,0.0038346048,0.004081227
FAM83H,0.003817164,0.004892146
GABRP,0.0038072038,0.005942292
FAM3B,0.0037840256,0.001594397
GAGE12I,0.003782154,0.0029374135
C11ORF80,0.003763584,0.003673791
PRRX1,0.003748134,0.0045487327
HJURP,0.003739785,0.0011693669
CYP2A6,0.0037332703,0.0039440664
CCNA2,0.0037099468,0.0010297163
SLC4A4,0.0037057793,0.0017033337
XAGE1D,0.0037040357,0.0026837531
NME1,0.0036957848,0.0018650836
EGFL6,0.0036943196,0.0045360457
CH25H,0.0036825726,0.0027526212
CDCA5,0.0036770585,0.0030957402
GADD45G,0.0036608786,0.0032585808
TOP2A,0.0036471111,0.0019374517
CX3CL1,0.0036383802,0.0035985685
VSIG2,0.003619596,0.0034991512
BMPR1B,0.0036080657,0.004357713
IGSF1,0.0035959193,0.0029753076
CKS2,0.0035620085,0.002664148
PLA2G3,0.0035422288,0.002276717
BRSK1,0.003529934,0.0034867374
FMO3,0.0035287738,0.00338697
ABCC8,0.0035120004,0.00362239
RPRML,0.0035007396,0.0030044764
ANKRD30B,0.003476793,0.0032365394
OSR1,0.0034561297,0.003628621
JSRP1,0.0034505443,0.0036796369
ROPN1B,0.0034476907,0.0020343522
CT45A6,0.0034459305,0.0014541977
IGFBP6,0.0033700734,0.002447207
LY96,0.0033642964,0.0021845887
KRT8,0.0033532653,0.0038167257
FBXL20,0.0033455316,0.003567734
ENPP2,0.003339835,0.003010176
RAB17,0.0033316268,0.0052466122
GCAT,0.0033161032,0.005743659
PLAAT2,0.0033055253,0.0023997254
FYN,0.0033055148,0.0022335288
UBE2S,0.0033001774,0.0023316743
CSAG1,0.0032932018,0.0033744413
ABHD3,0.003289565,0.0045120255
OLFM4,0.0032855244,0.003369547
CD93,0.003253315,0.0024034835
F2RL2,0.00321841,0.0038054609
COCH,0.0032145192,0.0051653977
KRT17,0.0031918096,0.0016777107
PAFAH1B3,0.0031823274,0.003134433
EPPK1,0.0031806398,0.0055090296
FAM20C,0.0031117015,0.003127587
FAM107A,0.0031073126,0.0018265181
BUB3,0.0031012534,0.0030863986
STMN1,0.0031007703,0.0019900852
NRIP1,0.0030985526,0.003267799
UGT2B11,0.00309831,0.0030252177
TK1,0.0030944622,0.0024220168
BUB1,0.0030866365,0.0018554244
KIF2C,0.0030860002,0.0014122173
CPA4,0.0030834496,0.0044870633
PRSS3,0.0030785736,0.003292751
ERBB2,0.0030685172,0.0028126393
GPT,0.0030438874,0.0034558699
LBP,0.0030346403,0.0010417601
OAF,0.0030291877,0.0030118383
SLC29A4,0.0030263648,0.0052418183
PCNA,0.003004193,0.003114729
KREMEN2,0.0029977087,0.0038321847
BEX3,0.0029859089,0.0030150788
HEPACAM2,0.0029729637,0.004015805
MFSD3,0.002972161,0.0037149726
NOX4,0.0029720813,0.0017329525
TMEM64,0.0029647914,0.0051351697
BRINP2,0.0029165316,0.0034211872
AK5,0.002897712,0.0034032217
HSD17B2,0.0028654507,0.004939731
UCHL1,0.0028507577,0.003982571
AFP,0.002841564,0.0019690415
KIAA1324,0.0028408559,0.002778152
CBLN2,0.0028380638,0.002807242
TPX2,0.0028348404,0.0022029222
ZNF385B,0.0028314057,0.0034433708
SCIN,0.0028283717,0.0026563837
LPIN1,0.0028140591,0.0030975952
SYT4,0.0027866284,0.0023934264
TGFBR2,0.0027810019,0.0018377864
SIX4,0.0027809087,0.0027810864
SOX8,0.0027763522,0.0022921623
TUBA3D,0.0027723853,0.003223619
PGAP3,0.0027570806,0.0040360466
ECHDC3,0.0027522969,0.0027625083
CXCL12,0.0027419638,0.0027764104
FZD9,0.002732947,0.002368454
GRPR,0.002729137,0.0018104139
RAD51AP1,0.0027235576,0.0038460605
CENPN,0.0027173967,0.0021924558
CNFN,0.0027153476,0.003866793
G6PD,0.0026736122,0.0023637011
ZBTB16,0.002664349,0.0029445307
RNF39,0.0026607497,0.0046085534
MYO5C,0.0026535061,0.0023054462
GSTA1,0.002646979,0.0029748261
KIFC2,0.0026396108,0.0021322065
DENND1B,0.0026361658,0.0022801817
HLA-DRB6,0.0026297863,0.002725428
NDUFAF6,0.002619836,0.0026303628
MUC1,0.0026162355,0.001618929
TP53INP1,0.0026053588,0.0026096262
CTSK,0.002598437,0.002964832
KCNK12,0.002591482,0.0034283092
CSN3,0.0025828814,0.0008911957
FAM174A,0.002581839,0.0031668353
SLCO3A1,0.00257588,0.0026305008
MCM10,0.0025663648,0.0015888285
DNAAF3,0.002554318,0.0032551163
KIF1A,0.0025389853,0.0025473824
IDO1,0.0025270162,0.0025593543
ORMDL3,0.0025171437,0.0032281466
DLX1,0.002494199,0.0010661825
EPHB4,0.0024820776,0.0018472276
CLIC6,0.0024768459,0.0038468302
PLTP,0.002473724,0.0034670131
ZSCAN18,0.0024641163,0.002879004
CDH3,0.0024598278,0.0028450177
CNTD2,0.0024530373,0.004248785
UBASH3B,0.0024498873,0.004243329
SNU13,0.0024339603,0.0016637233
CBWD5,0.0024158363,0.0041843513
ECT2,0.002414348,0.002434941
HGD,0.0024116721,0.0024178273
GIMAP4,0.0024091096,0.0019212324
TMEM26,0.0023903355,0.0031955033
SPANXA2,0.0023882103,0.0039983047
TMEM238,0.0023648718,0.0031055163
ATP2C2,0.0023444248,0.0023581116
ZBTB7C,0.002337574,0.003173189
CHI3L2,0.002334039,0.0025008693
ARHGAP25,0.002327442,0.0014239135
SOX11,0.00232115,0.0040203496
SLCO2B1,0.0023097699,0.0017772131
EVI2A,0.002291799,0.0012714522
GLDN,0.0022916533,0.0030362338
IRAK3,0.0022912235,0.0017735014
CREG1,0.002287894,0.0016280013
CPD,0.0022727684,0.002772271
SERPINF1,0.0022265224,0.003750517
EMILIN2,0.0022231138,0.002511419
AQP5,0.0022182676,0.0038421522
FLNB,0.0022139458,0.0022636622
HES4,0.0022115046,0.0023032855
ALOX15B,0.002209381,0.0029264058
RBBP4,0.0022091193,0.0017098627
SULF1,0.0021421078,0.0019027784
RNASE6,0.002139301,0.0016774626
AKR1B10,0.0021367408,0.0007644555
TMEM14A,0.0021256704,0.0035042532
GZMH,0.002124129,0.0028589675
VSIG4,0.0021194904,0.0015832217
LAMP5,0.0021189845,0.0021216155
AKR1B15,0.0021102126,0.001252702
RGL1,0.0021081225,0.0011785481
SNAP25,0.0021047527,0.0012449026
CYTH4,0.0020980448,0.0014986816
OLR1,0.002094758,0.0025630093
CAMP,0.0020837432,0.0022802965
TFAP2A,0.0020709378,0.0014470156
BBOX1,0.00206896,0.0023435075
NEFH,0.0020667496,0.0024398605
CRABP1,0.0020613102,0.0035114074
PCSK1,0.0020530317,0.001197108
H2AZ1,0.00203808,0.0024833113
TRIM9,0.0020302683,0.0018578205
ECHDC2,0.0020166389,0.003492921
CCDC189,0.002016239,0.0020264257
ECRG4,0.002011271,0.0021551931
OLFML3,0.00200087,0.0028083776
LAG3,0.0019822079,0.0021764613
NKX3-1,0.0019813492,0.0034317975
SHROOM3,0.0019711712,0.002004338
HLA-A,0.0019614003,0.0011885428
TRIP6,0.001956105,0.002116577
C8ORF34,0.0019498394,0.0022579446
STARD10,0.0019469694,0.0020578608
ASCL1,0.0019375733,0.0018141293
GRB14,0.0019259241,0.002485719
ELF3,0.0019148341,0.0021390512
UGT2B17,0.0019139126,0.001913974
CLSTN2,0.0019034346,0.0022149174
GPER1,0.0018937609,0.0019074988
LHFPL6,0.0018832311,0.0012910416
CYP2A7,0.0018709556,0.0008883944
SLC27A2,0.0018625964,0.0032261116
TENM3,0.0018542251,0.001919587
IRF9,0.0018487328,0.0018487584
NPL,0.0018473002,0.001080593
S100A16,0.0018356325,0.0019798842
GMFG,0.0018351034,0.0010660886
WIPF1,0.0018280038,0.0007725972
OCIAD2,0.0018230325,0.0015342699
TPD52,0.0018001336,0.001802261
CES1,0.001792326,0.0031043997
CMTM4,0.0017682187,0.0030626445
SFRP2,0.0017606639,0.002300083
NDUFA4L2,0.0017604473,0.0029181526
CITED1,0.0017590318,0.0030467324
MKX,0.0017575081,0.0012082086
HPGD,0.0017452554,0.0013497033
PHGDH,0.0017305701,0.0017388047
MAPK13,0.0017254937,0.0017909834
SELENBP1,0.0017252348,0.002988194
RGS22,0.0017014993,0.0017686441
DEPP1,0.0017008688,0.002324527
HSPB6,0.0016878594,0.0018913314
CD1E,0.0016856078,0.0020306222
TMEM99,0.0016753387,0.001714095
MAPK15,0.0016692637,0.0028912495
NLGN4X,0.0016663433,0.0019663183
ALOX5AP,0.0016661405,0.0028858401
KRT6B,0.0016520172,0.0028613778
CPXM1,0.0016431939,0.001055108
LRATD2,0.0016371775,0.0027361761
CNN2,0.0016179644,0.0028023964
MAPK8IP3,0.0016092712,0.0012528719
KIFC1,0.0016080299,0.0022805938
SLC25A37,0.00160692,0.0027832673
CST9,0.0016015839,0.001711107
CLDN11,0.001582549,0.001911479
PTPN1,0.0015787615,0.002734495
BCHE,0.0015777054,0.001652289
RALGDS,0.0015693707,0.0017734007
LMTK3,0.001534473,0.0011322075
PPP1R1B,0.0015303196,0.0021298237
SRP9,0.0015234597,0.0026387095
HOXB6,0.0015144236,0.0011568733
AQP11,0.0015129936,0.0015290402
LGMN,0.0015108786,0.0017021906
RPL23A,0.0014886691,0.0025784506
EVI2B,0.0014797685,0.0014267783
CD300LG,0.0014735487,0.00173465
TF,0.0014623387,0.0025328451
H2AW,0.0014523227,0.0016303868
MUC2,0.0014369927,0.0020815104
CD53,0.0014300034,0.00047051188
TSHZ2,0.0014113357,0.0024445052
PRKCQ-AS1,0.0014101339,0.0024424235
CCDC151,0.001406651,0.0024363908
LRIG1,0.0014032958,0.0016385587
FOXD2,0.0014029308,0.0024299475
MATK,0.0013950523,0.0014847035
HOXB8,0.0013783273,0.0013119982
PPP4R4,0.0013770462,0.002385114
EXO1,0.001375373,0.0014977125
NTS,0.0013490904,0.0012969347
CCDC3,0.0013488994,0.0021989888
TTK,0.0013441897,0.0023282047
IRF8,0.0013407576,0.0011528833
DEPTOR,0.0013403555,0.001432016
KCNG1,0.0013278818,0.00035041815
AGT,0.001321167,0.0022883285
MYT1,0.0013086785,0.0022666976
TNFSF13B,0.0013027445,0.0013164864
CBS,0.0013024608,0.0013117244
CD1A,0.0012995612,0.0015094478
FAM155A,0.0012852703,0.0016129783
HMGB2,0.0012798083,0.0017739674
CAPSL,0.0012795718,0.001694936
PBX1,0.0012753041,0.0018031526
TCN1,0.00126475,0.0014633302
CST6,0.0012594729,0.0012726777
KCNK6,0.0012537694,0.0021715923
LAMB3,0.0012529804,0.0014713397
CCDC34,0.0012500507,0.0016915371
CD163,0.0012421191,0.0012972237
ATP7B,0.0012413556,0.0013165814
HSD17B11,0.0012325988,0.0021349236
CCN3,0.0012278797,0.00212675
UBB,0.0012221196,0.002116773
ATP13A5,0.0012191724,0.0021116685
APCDD1L,0.0012159423,0.0012238171
AURKA,0.0012155429,0.0012668892
TROAP,0.0012109024,0.001919365
ARL9,0.0012073584,0.0020912061
NOVA1,0.0012072071,0.002090944
CORO2A,0.0012070455,0.002090664
HLA-DRB1,0.0012032556,0.0020841
CYP2B7P,0.0011947437,0.0020693566
JAML,0.0011914626,0.0006932284
CAPS,0.001190587,0.0014736563
CFD,0.0011793431,0.0020426821
TMEM79,0.0011776616,0.0012827232
TMEM125,0.0011766424,0.0010692091
KIF20A,0.0011741907,0.00077014946
BX647938,0.001153352,0.0019976643
CMIP,0.0011487062,0.0014579508
C3,0.0011442658,0.0019819264
RASIP1,0.0011429293,0.0013988717
AHCY,0.0011426532,0.0012946227
HTATSF1P2,0.0011424065,0.001978706
AAMDC,0.0011323157,0.0019612284
HOXB3,0.0011159743,0.0011266964
HEY2,0.0010995513,0.0019044788
IGDCC3,0.0010938685,0.0017912851
PLA2G7,0.0010860099,0.0018810243
SREBF1,0.0010848364,0.0018789917
GSN,0.001084653,0.001878674
CCN5,0.0010827393,0.0018753594
GUCY1A1,0.0010821729,0.0015672529
TSPAN7,0.0010795463,0.00068310776
GLYATL2,0.0010746056,0.0018612716
SYT9,0.0010717121,0.0018562599
CDS1,0.0010710515,0.0018551155
TESMIN,0.001067563,0.0015466482
ZNF689,0.0010675209,0.001648638
VBP1,0.0010656989,0.0018458447
RASSF2,0.0010644459,0.0018436746
PARP9,0.0010642761,0.0013845806
CENPA,0.0010599094,0.0018358169
CD248,0.0010583522,0.0018331198
IER3IP1,0.0010489706,0.0018168704
LAGE3,0.0010453695,0.001231855
RDH10,0.0010417257,0.0018043219
GAGE12B,0.0010368078,0.0013609605
PXDNL,0.001036431,0.0010306601
SLC2A6,0.001036102,0.0017945812
MYBPC1,0.0010290039,0.001782287
CDO1,0.0010204938,0.001767547
LUM,0.0010068954,0.0017439941
FKBP4,0.0010046015,0.0017400208
MRPL45,0.0009991071,0.0017305044
CALML5,0.000996734,0.0017263939
LDOC1,0.0009949843,0.0017233634
NMU,0.000991704,0.0010162601
ARHGAP15,0.0009830617,0.0006514079
RUNX1,0.0009829538,0.001702526
TMEM91,0.0009792139,0.0016960482
CMAHP,0.00097238447,0.0016842193
CCL4L1,0.0009695284,0.0016792725
IRX3,0.0009638373,0.0012954642
SELL,0.00096310594,0.0016681484
FERMT3,0.0009607682,0.0016640994
SERHL2,0.0009582251,0.0010333513
APP,0.0009449179,0.0016366458
APBB1IP,0.0009062773,0.0015697184
SPANXB1,0.0009031744,0.00092937617
PLEKHF1,0.0008999657,0.0015587864
MAD2L1,0.0008904845,0.0010481
ABHD11,0.00088809663,0.0008827343
CSF1R,0.0008877849,0.00066443393
GRINA,0.00088734797,0.0015369317
MUC20,0.00088180945,0.0015273388
SUSD2,0.00088146445,0.0015250418
LAX1,0.00088132377,0.0015264974
TRIM22,0.00087098614,0.000902005
TIMM10,0.0008665796,0.0008841853
CEL,0.00086427125,0.0014969617
ALG8,0.0008572247,0.001040527
ICA1,0.00085355516,0.0014784008
RMND1,0.0008535021,0.001388304
THEM6,0.00084858097,0.0014412561
PRKACB,0.0008439616,0.0014617844
COL16A1,0.0008438517,0.001461594
MCTS1,0.00084127585,0.0010433116
TMEM101,0.00084038946,0.0014555972
UGT2B15,0.0008384953,0.0008673612
IKZF1,0.0008354826,0.0014470983
FLNC,0.0008348507,0.0014460039
LSM3,0.00083329016,0.001443301
KCNH1,0.0008320975,0.0014412351
SQLE,0.00083171687,0.0014405759
PRXL2A,0.0008200427,0.0009564378
CR593862,0.0008153106,0.00087775686
CACNB3,0.0008140643,0.0013754899
COL8A1,0.0008064917,0.0013968846
PTGDS,0.0008060713,0.0009974805
TMEM156,0.00080117164,0.00092121994
NIBAN1,0.0008005002,0.00093461433
ESM1,0.00079817104,0.0013824729
CD14,0.00079021667,0.0006570106
MYOF,0.00078958087,0.0013675941
CNIH4,0.0007892315,0.001366989
COL4A6,0.0007783221,0.00094439124
SOX15,0.00077155756,0.00080837443
SEPTIN3,0.00076987705,0.0008138498
CGN,0.0007669791,0.0013284469
MYH11,0.00076622807,0.0007676776
MSLN,0.0007541535,0.0010019852
PGBD5,0.00075296743,0.0007588534
NCALD,0.0007496666,0.0012984605
EFHD1,0.0007492219,0.0012976903
LURAP1L,0.0007351508,0.0012733185
GPM6B,0.0007343263,0.0012718905
SNAPC1,0.000732899,0.0012694184
CASC3,0.0007251016,0.0012559128
GNLY,0.00072323426,0.0011402663
CCND1,0.0007223459,0.0012511398
MIR503HG,0.0007196525,0.0012464747
TUBA4A,0.00071874657,0.0007877001
FST,0.0007183866,0.0012442821
JAK1,0.00071798766,0.001243591
PRSS2,0.0007135995,0.0011273439
FAAH,0.000711563,0.0007461947
PCSK1N,0.0006955321,0.0011396062
LIME1,0.0006945471,0.0007908986
CDT1,0.0006938576,0.0005901601
NME3,0.0006933174,0.0008741588
FMO1,0.0006905793,0.0009499366
SORBS1,0.0006885019,0.0010548497
MAP3K1,0.0006850376,0.0011865199
CAMK1G,0.0006829355,0.0011828791
BCL11A,0.00068261795,0.0011823289
SPDEF,0.0006770638,0.0011727089
NTF3,0.00065516494,0.001134779
H4C3,0.0006541791,0.0011330714
CEMIP,0.00065044046,0.0011265959
GPR37,0.00064836367,0.0011229988
ATP6V0E1,0.0006459219,0.0011187696
GZMB,0.0006415561,0.0011112078
ABCA8,0.00063842733,0.000441871
CLDN5,0.0006337563,0.0009884282
ST6GALNAC2,0.0006265723,0.0010852551
CPVL,0.0006257816,0.0010838856
GPX3,0.0006174717,0.001028205
SMYD3,0.000615955,0.0010668654
ABHD17C,0.00060796126,0.0007947968
KISS1R,0.00060646207,0.00095702114
HIST1H4J,0.00060615124,0.0010498847
BRF2,0.00060127827,0.00073320034
FABP5,0.0005961102,0.00068264944
AKR1C2,0.00059573527,0.00059789116
HTATIP2,0.00059300533,0.0010271153
STAT4,0.000591096,0.0010238084
TRIM17,0.0005905166,0.0010228048
TUBB2B,0.0005899573,0.00080719084
NTNG1,0.0005872826,0.0010172032
APLNR,0.0005858691,0.001014755
VASH2,0.0005853837,0.00059768674
COL6A3,0.0005781504,0.0010013859
IGSF6,0.00057387666,0.0009939836
PODXL,0.00057343865,0.00059336575
MAL,0.0005722026,0.000991084
C2,0.00057049823,0.0005857145
ITPRID2,0.00056915707,0.0009858089
SORD,0.0005690957,0.0009857027
TPI1,0.00056901155,0.00072221365
INSIG1,0.0005611897,0.00097200915
PCDH19,0.0005602503,0.000970382
NT5DC2,0.0005592743,0.0009686915
LILRB5,0.00055803347,0.00096654234
MMADHC,0.000555972,0.0009629717
PRAME,0.0005534854,0.0007815174
PNCK,0.00055304496,0.0005719432
HMGCS2,0.00055151136,0.0009552457
RAB31,0.0005471497,0.00092135515
NAPRT,0.0005448786,0.0009437574
SOX9,0.0005424841,0.00093961006
IGF2BP3,0.00054206094,0.00072150136
UNC5A,0.00053969293,0.00093477557
PKIA,0.0005342363,0.00092532445
TAOK1,0.00052979164,0.000917626
MEOX1,0.0005211236,0.0009026125
SPINK8,0.00051716046,0.00071887695
FKBP11,0.0005125038,0.0008876826
THBS4,0.0005103341,0.0008839246
EI24,0.00050507986,0.000874824
KRT19,0.0004944035,0.00085633196
GLIPR2,0.000490386,0.00084937335
STX19,0.0004897057,0.00084819517
CSTF3,0.0004882578,0.0008456873
ALB,0.000487838,0.0008449602
LY86,0.00048531167,0.00084058446
APCDD1,0.00048524304,0.0008404656
ACTG1,0.00048350226,0.0008374505
TSPAN8,0.00048311474,0.0008367793
CLNS1A,0.00048013972,0.0008316264
EEF1G,0.000477123,0.0008264012
SMIM1,0.00047665538,0.0008255914
MGST3,0.00047396732,0.00064272166
SLC39A11,0.00046478267,0.0008050272
ETFB,0.0004623471,0.00080080866
TPRG1,0.00046169403,0.0007996775
TST,0.0004601377,0.00079698185
MS4A14,0.00045855143,0.0007942344
NDRG2,0.0004480028,0.00077596365
CNKSR3,0.00044624862,0.0007729253
SCCPDH,0.00044299854,0.000767296
HSPA8,0.00043782845,0.0006584437
OSBPL8,0.00043747568,0.0007577301
KRT18P55,0.0004254561,0.00073691155
MED1,0.00042406825,0.0007345078
CENPM,0.00042226553,0.0007313854
MAP7,0.00042025247,0.0007278986
IGSF9,0.0004190999,0.00044032309
AFF4,0.00041426555,0.000717529
IGFALS,0.00041278396,0.00071496284
PROM2,0.0004057896,0.00041295978
FBLN1,0.00040410986,0.0006999388
SLC52A2,0.00040133638,0.000695135
TRAF5,0.0003949195,0.00068402063
STEAP4,0.0003946228,0.0006835067
GAGE2B,0.000393179,0.00068100606
SERPINA3,0.00038939063,0.00067444437
FAXDC2,0.00038751776,0.00067120045
SCRN1,0.0003823936,0.0006623252
SYNM,0.00038144062,0.00051130506
KLF9,0.00037627056,0.0004932233
DNAJA4,0.00037568135,0.0006506992
NEBL,0.00037494517,0.0006494241
TSPAN15,0.00036936504,0.000639759
APOE,0.0003679047,0.00063722965
FNTA,0.00036418933,0.00063079444
FCGRT,0.00036130165,0.0006257928
F12,0.00036117056,0.0004863547
STAC2,0.0003548951,0.00061469636
PDGFRA,0.00035409554,0.00041880796
YBX3,0.00034750247,0.0006018919
TCEAL9,0.00034254452,0.0005933045
ANKRD33,0.0003357365,0.0005815127
MPZL2,0.00033517063,0.00058053253
PTK6,0.0003302769,0.0005720564
SNORD13,0.00032804636,0.0005681929
NDUFC2,0.00032623924,0.0005650629
MAMDC2,0.0003255171,0.00056381215
BIN1,0.00032179314,0.0005573621
CABYR,0.00032045177,0.00055503874
IGFBP4,0.00031693268,0.00054894347
SYP,0.00031524032,0.00054601225
APH1B,0.0003144404,0.0005446268
MAOB,0.0003133603,0.000542756
ADAP1,0.0003129614,0.00054206507
ANPEP,0.00031245215,0.000541183
G0S2,0.00031087795,0.0005384564
LILRB4,0.00030934814,0.00034152713
FOXM1,0.0003063791,0.00031847318
C1QTNF1,0.00030314736,0.0005250666
PAMR1,0.0002997088,0.0005191109
TIMP3,0.000296229,0.00051308365
CX3CR1,0.00028961632,0.0005016302
CACYBP,0.0002886503,0.000499957
CTSB,0.0002843255,0.0004924662
ODC1,0.0002840985,0.0003735582
LRRFIP1,0.0002740113,0.00047460152
DSP,0.00026733536,0.00046303845
MYCN,0.00025887098,0.0004483777
MLLT11,0.0002583263,0.00044743426
RERG,0.00024910262,0.00027703826
PEG10,0.00024415,0.0004228802
THY1,0.00024369165,0.00042208633
RET,0.00024268308,0.00028700015
SASH3,0.00024109085,0.0004175816
FHL2,0.00023932655,0.0004145257
VAMP5,0.00023505234,0.00040712263
PBX3,0.0002345849,0.00040631296
TCF4,0.00023279972,0.00040322094
DIO1,0.00023199937,0.0004018347
POU2AF1,0.0002310479,0.0004001867
PRRG2,0.00022569101,0.0003909083
MCCC2,0.00022436438,0.0003886105
H2BC4,0.00022021479,0.0003814232
MAPT,0.00021850209,0.00037845672
CTNNB1,0.00021809134,0.00037774528
TM4SF18,0.0002178549,0.00037733576
GAGE6,0.00021425009,0.0003686069
COL12A1,0.00020839674,0.00036095374
NPNT,0.00020582827,0.000356505
MEIS3P1,0.00020009978,0.000346583
GSPT2,0.0001991814,0.00034499232
SHC4,0.00019888498,0.0003444789
FGD2,0.00019877951,0.0003442962
IL20RA,0.00019627166,0.00033995247
CYB561,0.00019269255,0.00033375327
MGC24103,0.00018873186,0.00032689318
TMSB15B,0.00018493723,0.00032032066
COL10A1,0.0001787949,0.00030968184
NNMT,0.00017608589,0.00030498972
MRPL13,0.00017341922,0.0003003709
SUSD3,0.00017321839,0.00030002304
PRG4,0.00017160119,0.000297222
ELN,0.00017029722,0.00029496342
IL10RA,0.0001700982,0.00029461872
SFT2D1,0.0001700042,0.0002944559
PTGIS,0.00016755842,0.00029021967
HTRA1,0.00016664053,0.00028862988
AKR1C4,0.00016625089,0.000287955
TRIM73,0.00016278957,0.0002819598
DEGS2,0.00015707148,0.0002720558
LPXN,0.00015588579,0.0002700021
MMP12,0.00015399395,0.00015557752
P4HA1,0.00015242769,0.0002640125
LMO3,0.00014871162,0.00025757612
HAPLN3,0.00014632338,0.00025343953
MFAP5,0.00014449985,0.00025028107
RFTN1,0.00013977944,0.00024210509
MAL2,0.00013746618,0.00023809841
SMARCA1,0.00013675171,0.00023686091
NRBP2,0.00013487367,0.00023360804
RARRES2,0.0001223456,0.0002119088
FGR,0.00012232599,0.00021187482
PODN,0.000119805314,0.0002075089
RASSF10,0.000119481025,0.0002069472
CPQ,0.000117043965,0.00020272609
B4GALNT4,0.00011436203,0.00012356976
CNTFR,0.00011358901,0.00019674194
RCN1,0.00011012058,0.00016005324
MB,0.000100875695,0.00017472185
GSTO2,9.688867e-05,0.00016781609
SOX18,9.512819e-05,0.00016476685
ESR1,9.1938084e-05,0.00015924143
GIMAP5,9.053287e-05,9.548583e-05
HID1,8.829715e-05,0.00015293516
DSE,8.531901e-05,0.00014777685
OAS3,8.389426e-05,0.00014530912
NTM,8.3443025e-05,0.00014452757
GCNT1,8.179824e-05,0.00014167871
SLC51A,7.78005e-05,0.00013475442
GPR137B,7.7558114e-05,0.0001343346
SKAP1,7.673565e-05,0.00013291003
NUAK1,7.584678e-05,0.00013137047
CKS1B,7.415331e-05,0.0001284373
APOL3,7.0235496e-05,0.00012165145
ALDOA,6.773027e-05,0.000117312266
NPM3,6.629011e-05,0.000114817834
CLDN3,6.62621e-05,0.000114769326
COLGALT1,6.4265194e-05,0.00011131058
TACSTD2,6.41861e-05,0.000111173584
C1QTNF5,6.3287174e-05,0.0001096166
IGSF3,6.1416606e-05,0.00010637668
ABI3BP,6.0944534e-05,0.00010555904
VCAN,6.03089e-05,0.00010445808
ANXA2R,5.853471e-05,0.00010138509
NDRG1,5.7851204e-05,0.00010020123
FAM83D,5.4620956e-05,6.322022e-05
PHB,5.1776104e-05,8.967884e-05
CHAD,4.9378723e-05,5.5556557e-05
CRYAB,4.919042e-05,8.520031e-05
MSX1,4.8079954e-05,8.327692e-05
CIDEA,4.791376e-05,8.298907e-05
AFAP1L2,4.0160627e-05,6.956025e-05
ALDH2,3.980428e-05,6.894303e-05
PIK3R1,3.942529e-05,6.82866e-05
LOXL4,3.7964066e-05,6.575569e-05
HK2,3.6888552e-05,6.389285e-05
LMOD3,3.5629066e-05,6.171135e-05
DYNLRB2,3.269992e-05,5.6637928e-05
PSAT1,3.117679e-05,5.399978e-05
BEX4,2.9405648e-05,5.0932074e-05
ITGB5,2.8977123e-05,5.018985e-05
TUBA1A,2.6692414e-05,4.6232617e-05
C3ORF52,2.4175577e-05,4.187333e-05
FRAS1,2.024497e-05,3.5065317e-05
ISM1,1.987997e-05,3.4433117e-05
E2F2,1.9690317e-05,3.410463e-05
PPP1R16B,1.784985e-05,3.0916846e-05
PLAC8,1.770217e-05,3.0661056e-05
ORM1,1.7669243e-05,3.0131321e-05
HIST1H3F,1.7286786e-05,2.994159e-05
C1ORF43,1.669862e-05,2.8922856e-05
CRIP2,1.339903e-05,2.32078e-05
TNNT1,1.3124324e-05,2.2731996e-05
DDHD2,1.1325743e-05,1.9616764e-05
CDC20,1.0681068e-05,1.850015e-05
NR2F1,9.382434e-06,1.6250851e-05
DDR2,4.767754e-06,8.257993e-06
GNG11,1.4628716e-06,2.5337679e-06
ENTPD3,9.089147e-07,1.5742864e-06
CD68,1.507224e-07,2.6105886e-07
KLK11,1.7208507e-09,2.9806009e-09
A2M,0.0,0.0
AADAT,0.0,0.0
AARD,0.0,0.0
ABCA3,0.0,0.0
ABCB9,0.0,0.0
ABCC11,0.0,0.0
ABCC3,0.0,0.0
ABCC5,0.0,0.0
ABHD12,0.0,0.0
ABLIM1,0.0,0.0
ABRACL,0.0,0.0
ACACA,0.0,0.0
ACACB,0.0,0.0
ACADM,0.0,0.0
ACAP1,0.0,0.0
ACAT1,0.0,0.0
ACER3,0.0,0.0
ACKR1,0.0,0.0
ACKR2,0.0,0.0
ACKR3,0.0,0.0
ACOT1,0.0,0.0
ACOT4,0.0,0.0
ACOT7,0.0,0.0
ACOX2,0.0,0.0
ACP1,0.0,0.0
ACP5,0.0,0.0
ACSF2,0.0,0.0
ACSL1,0.0,0.0
ACSL5,0.0,0.0
ACSS1,0.0,0.0
ACTA1,0.0,0.0
ACTA2,0.0,0.0
ACTB,0.0,0.0
ACTN1,0.0,0.0
ACTR3,0.0,0.0
ADA2,0.0,0.0
ADAM15,0.0,0.0
ADAM19,0.0,0.0
ADAMDEC1,0.0,0.0
ADAMTSL2,0.0,0.0
ADCY1,0.0,0.0
ADCY4,0.0,0.0
ADD3,0.0,0.0
ADGRE5,0.0,0.0
ADGRG1,0.0,0.0
ADGRL1,0.0,0.0
ADGRV1,0.0,0.0
ADH1A,0.0,0.0
ADIRF,0.0,0.0
ADM,0.0,0.0
ADORA1,0.0,0.0
ADORA2A,0.0,0.0
AEBP1,0.0,0.0
AFDN,0.0,0.0
AFF3,0.0,0.0
AFMID,0.0,0.0
AGL,0.0,0.0
AGO2,0.0,0.0
AGPS,0.0,0.0
AGR2,0.0,0.0
AGR3,0.0,0.0
AGRN,0.0,0.0
AGTR1,0.0,0.0
AHNAK2,0.0,0.0
AIF1,0.0,0.0
AIF1L,0.0,0.0
AIM2,0.0,0.0
AIRE,0.0,0.0
AK4,0.0,0.0
AKR1B1,0.0,0.0
AKR1C3,0.0,0.0
AKR7A3,0.0,0.0
ALCAM,0.0,0.0
ALDH1A1,0.0,0.0
ALDH1A3,0.0,0.0
ALDH3A2,0.0,0.0
ALDH3B2,0.0,0.0
ALDOC,0.0,0.0
ALG1L,0.0,0.0
ALOX5,0.0,0.0
ALPL,0.0,0.0
ALPP,0.0,0.0
ALYREF,0.0,0.0
AMD1,0.0,0.0
AMFR,0.0,0.0
AMOT,0.0,0.0
AMPH,0.0,0.0
AMY1A,0.0,0.0
AMY2A,0.0,0.0
ANG,0.0,0.0
ANGPTL2,0.0,0.0
ANGPTL4,0.0,0.0
ANKRD20A11P,0.0,0.0
ANKRD20A4,0.0,0.0
ANKRD22,0.0,0.0
ANKRD29,0.0,0.0
ANKRD30A,0.0,0.0
ANKRD35,0.0,0.0
ANKRD36B,0.0,0.0
ANKRD37,0.0,0.0
ANKRD50,0.0,0.0
ANKS1B,0.0,0.0
ANO1,0.0,0.0
ANOS1,0.0,0.0
ANTXR1,0.0,0.0
ANXA1,0.0,0.0
ANXA2,0.0,0.0
ANXA2P1,0.0,0.0
ANXA9,0.0,0.0
AOC4P,0.0,0.0
AP1S1,0.0,0.0
AP3S1,0.0,0.0
APLP1,0.0,0.0
APOBEC3B,0.0,0.0
APOBEC3G,0.0,0.0
APOC1,0.0,0.0
APOD,0.0,0.0
AR,0.0,0.0
ARF4,0.0,0.0
ARHGAP23,0.0,0.0
ARHGAP32,0.0,0.0
ARHGAP39,0.0,0.0
ARHGAP9,0.0,0.0
ARHGEF6,0.0,0.0
ARID5B,0.0,0.0
ARL4A,0.0,0.0
ARMCX1,0.0,0.0
ARMCX2,0.0,0.0
ARMCX6,0.0,0.0
ARMT1,0.0,0.0
ARNT2,0.0,0.0
ARPC3,0.0,0.0
ARRB1,0.0,0.0
ARSD,0.0,0.0
ARSG,0.0,0.0
ASB13,0.0,0.0
ASCL2,0.0,0.0
ASH2L,0.0,0.0
ASNS,0.0,0.0
ASPH,0.0,0.0
ASS1,0.0,0.0
ASTN2,0.0,0.0
ATF3,0.0,0.0
ATP1B1,0.0,0.0
ATP1B3,0.0,0.0
ATP2A3,0.0,0.0
ATP5F1C,0.0,0.0
ATP5MK,0.0,0.0
ATP5PB,0.0,0.0
ATP6V0A4,0.0,0.0
ATP6V0E2,0.0,0.0
ATP6V1B1,0.0,0.0
AUTS2,0.0,0.0
AZGP1,0.0,0.0
AZIN1,0.0,0.0
B2M,0.0,0.0
B4GALT5,0.0,0.0
BACE2,0.0,0.0
BAG3,0.0,0.0
BAIAP2L1,0.0,0.0
BAIAP2L2,0.0,0.0
BAMBI,0.0,0.0
BASP1,0.0,0.0
BATF,0.0,0.0
BBOF1,0.0,0.0
BC132896,0.0,0.0
BCAR3,0.0,0.0
BCAS1,0.0,0.0
BCAS4,0.0,0.0
BCL11B,0.0,0.0
BCL2,0.0,0.0
BCYRN1,0.0,0.0
BEX2,0.0,0.0
BGN,0.0,0.0
BHLHE40,0.0,0.0
BIK,0.0,0.0
BIRC3,0.0,0.0
BLVRA,0.0,0.0
BLVRB,0.0,0.0
BLZF1,0.0,0.0
BMERB1,0.0,0.0
BMI1,0.0,0.0
BMP4,0.0,0.0
BNIP3,0.0,0.0
BNIPL,0.0,0.0
BOLA2,0.0,0.0
BOP1,0.0,0.0
BORCS7,0.0,0.0
BPIFB1,0.0,0.0
BRK1,0.0,0.0
BST2,0.0,0.0
BTF3,0.0,0.0
BTG3,0.0,0.0
BTN3A2,0.0,0.0
BX648270,0.0,0.0
C11ORF1,0.0,0.0
C11ORF96,0.0,0.0
C12ORF75,0.0,0.0
C14ORF132,0.0,0.0
C14ORF153,0.0,0.0
C15ORF48,0.0,0.0
C17ORF58,0.0,0.0
C17ORF97,0.0,0.0
C19ORF33,0.0,0.0
C1ORF115,0.0,0.0
C1ORF116,0.0,0.0
C1ORF151,0.0,0.0
C1ORF162,0.0,0.0
C1ORF198,0.0,0.0
C1ORF21,0.0,0.0
C1ORF53,0.0,0.0
C1QA,0.0,0.0
C1QB,0.0,0.0
C1QC,0.0,0.0
C1QTNF6,0.0,0.0
C1R,0.0,0.0
C1S,0.0,0.0
C3ORF14,0.0,0.0
C4ORF48,0.0,0.0
C5ORF30,0.0,0.0
C5ORF46,0.0,0.0
C6ORF141,0.0,0.0
C9ORF116,0.0,0.0
C9ORF152,0.0,0.0
CA11,0.0,0.0
CA12,0.0,0.0
CA2,0.0,0.0
CA8,0.0,0.0
CACNA1I,0.0,0.0
CACNA2D2,0.0,0.0
CADM1,0.0,0.0
CADPS2,0.0,0.0
CALB2,0.0,0.0
CALD1,0.0,0.0
CAMK2B,0.0,0.0
CAMK2N1,0.0,0.0
CANT1,0.0,0.0
CAP2,0.0,0.0
CAPN13,0.0,0.0
CAPN8,0.0,0.0
CAPN9,0.0,0.0
CARD10,0.0,0.0
CARHSP1,0.0,0.0
CASC1,0.0,0.0
CASD1,0.0,0.0
CASP1,0.0,0.0
CASZ1,0.0,0.0
CATSPER2,0.0,0.0
CAV1,0.0,0.0
CAV2,0.0,0.0
CAVIN1,0.0,0.0
CAVIN3,0.0,0.0
CBR3,0.0,0.0
CBX2,0.0,0.0
CBX6,0.0,0.0
CCBE1,0.0,0.0
CCDC106,0.0,0.0
CCDC117,0.0,0.0
CCDC170,0.0,0.0
CCDC24,0.0,0.0
CCDC74A,0.0,0.0
CCDC9B,0.0,0.0
CCK1,0.0,0.0
CCL14,0.0,0.0
CCL19,0.0,0.0
CCL2,0.0,0.0
CCL21,0.0,0.0
CCL3,0.0,0.0
CCL3L3,0.0,0.0
CCL4,0.0,0.0
CCL5,0.0,0.0
CCL8,0.0,0.0
CCN1,0.0,0.0
CCN2,0.0,0.0
CCNC,0.0,0.0
CCND2,0.0,0.0
CCNDBP1,0.0,0.0
CCNE1,0.0,0.0
CCNF,0.0,0.0
CCNG2,0.0,0.0
CCNO,0.0,0.0
CCR7,0.0,0.0
CCT7,0.0,0.0
CCZ1B,0.0,0.0
CD151,0.0,0.0
CD163L1,0.0,0.0
CD19,0.0,0.0
CD2,0.0,0.0
CD24,0.0,0.0
CD247,0.0,0.0
CD27,0.0,0.0
CD34,0.0,0.0
CD36,0.0,0.0
CD37,0.0,0.0
CD3D,0.0,0.0
CD44,0.0,0.0
CD48,0.0,0.0
CD52,0.0,0.0
CD55,0.0,0.0
CD59,0.0,0.0
CD6,0.0,0.0
CD69,0.0,0.0
CD7,0.0,0.0
CD74,0.0,0.0
CD79A,0.0,0.0
CD79B,0.0,0.0
CD83,0.0,0.0
CD86,0.0,0.0
CD8A,0.0,0.0
CD9,0.0,0.0
CD96,0.0,0.0
CD99,0.0,0.0
CDA,0.0,0.0
CDAN1,0.0,0.0
CDC25B,0.0,0.0
CDC42EP4,0.0,0.0
CDC42EP5,0.0,0.0
CDC45,0.0,0.0
CDCA7,0.0,0.0
CDCA8,0.0,0.0
CDH1,0.0,0.0
CDH11,0.0,0.0
CDH2,0.0,0.0
CDK12,0.0,0.0
CDK18,0.0,0.0
CDK5RAP3,0.0,0.0
CDK6,0.0,0.0
CDKN1A,0.0,0.0
CDKN1B,0.0,0.0
CDKN2A,0.0,0.0
CDKN2AIPNL,0.0,0.0
CDRT4,0.0,0.0
CEACAM1,0.0,0.0
CEACAM6,0.0,0.0
CEBPA,0.0,0.0
CEBPB,0.0,0.0
CEBPD,0.0,0.0
CELSR2,0.0,0.0
CELSR3,0.0,0.0
CENPBD2P,0.0,0.0
CENPV,0.0,0.0
CENPW,0.0,0.0
CEP19,0.0,0.0
CERCAM,0.0,0.0
CERS4,0.0,0.0
CERS6,0.0,0.0
CFAP74,0.0,0.0
CFB,0.0,0.0
CGNL1,0.0,0.0
CHCHD2,0.0,0.0
CHMP5,0.0,0.0
CHN1,0.0,0.0
CHN2,0.0,0.0
CHPT1,0.0,0.0
CHRNA5,0.0,0.0
CHST1,0.0,0.0
CHST3,0.0,0.0
CIDEC,0.0,0.0
CILP,0.0,0.0
CIRBP,0.0,0.0
CISD1,0.0,0.0
CISH,0.0,0.0
CITED2,0.0,0.0
CITED4,0.0,0.0
CKB,0.0,0.0
CKMT1A,0.0,0.0
CKMT1B,0.0,0.0
CLDN1,0.0,0.0
CLDN23,0.0,0.0
CLDN8,0.0,0.0
CLEC11A,0.0,0.0
CLEC5A,0.0,0.0
CLIC3,0.0,0.0
CLIC4,0.0,0.0
CLIP3,0.0,0.0
CLK1,0.0,0.0
CLPSL1,0.0,0.0
CLPSL2,0.0,0.0
CMBL,0.0,0.0
CMPK1,0.0,0.0
CMTM1,0.0,0.0
CMTM3,0.0,0.0
CMTM7,0.0,0.0
CMTM8,0.0,0.0
CMYA5,0.0,0.0
CNBP,0.0,0.0
CNIH1,0.0,0.0
CNN1,0.0,0.0
CNN3,0.0,0.0
CNTNAP2,0.0,0.0
COBL,0.0,0.0
COBLL1,0.0,0.0
COL11A1,0.0,0.0
COL14A1,0.0,0.0
COL15A1,0.0,0.0
COL18A1,0.0,0.0
COL1A1,0.0,0.0
COL1A2,0.0,0.0
COL3A1,0.0,0.0
COL4A1,0.0,0.0
COL4A5,0.0,0.0
COL5A1,0.0,0.0
COL5A2,0.0,0.0
COL6A1,0.0,0.0
COL6A2,0.0,0.0
COL7A1,0.0,0.0
COL8A2,0.0,0.0
COL9A2,0.0,0.0
COLEC12,0.0,0.0
COMMD10,0.0,0.0
COMMD6,0.0,0.0
COMP,0.0,0.0
CORO1A,0.0,0.0
COX6C,0.0,0.0
COX7A1,0.0,0.0
COX7B,0.0,0.0
CPA3,0.0,0.0
CPE,0.0,0.0
CPLX1,0.0,0.0
CPXM2,0.0,0.0
CRACR2B,0.0,0.0
CRAT,0.0,0.0
CRCP,0.0,0.0
CREB1,0.0,0.0
CREB3L4,0.0,0.0
CRIM1,0.0,0.0
CRIP1,0.0,0.0
CRIPAK,0.0,0.0
CRISPLD2,0.0,0.0
CRMP1,0.0,0.0
CRNDE,0.0,0.0
CROT,0.0,0.0
CRTAP,0.0,0.0
CRYZ,0.0,0.0
CSF3R,0.0,0.0
CSRP2,0.0,0.0
CST1,0.0,0.0
CST2,0.0,0.0
CST3,0.0,0.0
CSTB,0.0,0.0
CTHRC1,0.0,0.0
CTLA4,0.0,0.0
CTSC,0.0,0.0
CTSD,0.0,0.0
CTSF,0.0,0.0
CTSG,0.0,0.0
CTSL,0.0,0.0
CTSO,0.0,0.0
CTSV,0.0,0.0
CTTN,0.0,0.0
CUEDC1,0.0,0.0
CXADR,0.0,0.0
CXCL10,0.0,0.0
CXCL14,0.0,0.0
CXCL8,0.0,0.0
CXCL9,0.0,0.0
CXCR3,0.0,0.0
CXCR4,0.0,0.0
CXCR5,0.0,0.0
CXXC5,0.0,0.0
CYB5A,0.0,0.0
CYB5D2,0.0,0.0
CYB5R2,0.0,0.0
CYBA,0.0,0.0
CYBB,0.0,0.0
CYBRD1,0.0,0.0
CYCS,0.0,0.0
CYFIP2,0.0,0.0
CYP1B1,0.0,0.0
CYP21A2,0.0,0.0
CYP26A1,0.0,0.0
CYP26B1,0.0,0.0
CYP27A1,0.0,0.0
CYP2J2,0.0,0.0
CYP4B1,0.0,0.0
CYP4V2,0.0,0.0
CYP4X1,0.0,0.0
CYP4Z1,0.0,0.0
CYP4Z2P,0.0,0.0
CYSRT1,0.0,0.0
D2HGDH,0.0,0.0
DACH1,0.0,0.0
DAPP1,0.0,0.0
DBI,0.0,0.0
DBNDD1,0.0,0.0
DBNDD2,0.0,0.0
DCDC5,0.0,0.0
DCLK1,0.0,0.0
DCN,0.0,0.0
DCXR,0.0,0.0
DDIT4,0.0,0.0
DDR1,0.0,0.0
DDX21,0.0,0.0
DDX51,0.0,0.0
DDX60,0.0,0.0
DECR2,0.0,0.0
DEGS1,0.0,0.0
DEK,0.0,0.0
DENR,0.0,0.0
DHCR24,0.0,0.0
DHCR7,0.0,0.0
DHRS3,0.0,0.0
DIO2,0.0,0.0
DIPK1B,0.0,0.0
DKFZP667P0924,0.0,0.0
DKK3,0.0,0.0
DLC1,0.0,0.0
DLL3,0.0,0.0
DMC1,0.0,0.0
DMKN,0.0,0.0
DNAAF1,0.0,0.0
DNAJB6,0.0,0.0
DNAJC12,0.0,0.0
DNAJC22,0.0,0.0
DNALI1,0.0,0.0
DOCK2,0.0,0.0
DOP1B,0.0,0.0
DPM1,0.0,0.0
DPT,0.0,0.0
DPY19L2P4,0.0,0.0
DPYSL2,0.0,0.0
DPYSL3,0.0,0.0
DPYSL4,0.0,0.0
DRAIC,0.0,0.0
DRC3,0.0,0.0
DSC2,0.0,0.0
DSTN,0.0,0.0
DSTYK,0.0,0.0
DTNA,0.0,0.0
DTWD2,0.0,0.0
DUSP1,0.0,0.0
DUSP4,0.0,0.0
DUSP5,0.0,0.0
DUSP6,0.0,0.0
DUXAP10,0.0,0.0
DUXAP9,0.0,0.0
DYNC2LI1,0.0,0.0
DYRK2,0.0,0.0
E2F5,0.0,0.0
EAF2,0.0,0.0
ECI2,0.0,0.0
ECM1,0.0,0.0
ECM2,0.0,0.0
EDARADD,0.0,0.0
EDN1,0.0,0.0
EDNRA,0.0,0.0
EEF1A1,0.0,0.0
EEF1A2,0.0,0.0
EEF1B2,0.0,0.0
EFEMP1,0.0,0.0
EFEMP2,0.0,0.0
EFNA1,0.0,0.0
EFNB2,0.0,0.0
EFR3B,0.0,0.0
EFS,0.0,0.0
EGFLAM,0.0,0.0
EGR1,0.0,0.0
EGR2,0.0,0.0
EHF,0.0,0.0
EID2B,0.0,0.0
EIF1AX,0.0,0.0
EIF3H,0.0,0.0
EIF3M,0.0,0.0
EIF4A1,0.0,0.0
EIF4E,0.0,0.0
EIF4H,0.0,0.0
ELF5,0.0,0.0
ELOVL5,0.0,0.0
ELOVL6,0.0,0.0
EMP1,0.0,0.0
ENO2,0.0,0.0
ENPP4,0.0,0.0
ENPP5,0.0,0.0
ENSA,0.0,0.0
ENTPD5,0.0,0.0
EOMES,0.0,0.0
EPAS1,0.0,0.0
EPB41L3,0.0,0.0
EPCAM,0.0,0.0
EPDR1,0.0,0.0
EPHB3,0.0,0.0
EPHX1,0.0,0.0
EPHX2,0.0,0.0
EPS8L1,0.0,0.0
EPSTI1,0.0,0.0
ERAP2,0.0,0.0
ERGIC2,0.0,0.0
ERLIN2,0.0,0.0
ERP27,0.0,0.0
ERP29,0.0,0.0
ERRFI1,0.0,0.0
ERV3-1,0.0,0.0
ESPN,0.0,0.0
ESRRG,0.0,0.0
ETFA,0.0,0.0
ETNK2,0.0,0.0
ETS1,0.0,0.0
ETV4,0.0,0.0
EVA1B,0.0,0.0
EVL,0.0,0.0
EWSAT1,0.0,0.0
EXO5,0.0,0.0
EXOG,0.0,0.0
EYA2,0.0,0.0
EZR,0.0,0.0
F11R,0.0,0.0
F13A1,0.0,0.0
F2R,0.0,0.0
FABP4,0.0,0.0
FADS1,0.0,0.0
FAH,0.0,0.0
FAM102A,0.0,0.0
FAM107B,0.0,0.0
FAM110B,0.0,0.0
FAM161A,0.0,0.0
FAM162A,0.0,0.0
FAM174B,0.0,0.0
FAM183A,0.0,0.0
FAM189A2,0.0,0.0
FAM210B,0.0,0.0
FAM214A,0.0,0.0
FAM234B,0.0,0.0
FAM241A,0.0,0.0
FAM83E,0.0,0.0
FAM89A,0.0,0.0
FAM98A,0.0,0.0
FAP,0.0,0.0
FAR2,0.0,0.0
FAR2P1,0.0,0.0
FARP1,0.0,0.0
FASN,0.0,0.0
FAT1,0.0,0.0
FBLN2,0.0,0.0
FBLN5,0.0,0.0
FBN2,0.0,0.0
FBP1,0.0,0.0
FBXL16,0.0,0.0
FBXL19-AS1,0.0,0.0
FBXO15,0.0,0.0
FBXO2,0.0,0.0
FBXO32,0.0,0.0
FCAR,0.0,0.0
FCER1A,0.0,0.0
FCER1G,0.0,0.0
FCGBP,0.0,0.0
FCGR1B,0.0,0.0
FCGR2A,0.0,0.0
FCMR,0.0,0.0
FCN1,0.0,0.0
FCRLA,0.0,0.0
FCRLB,0.0,0.0
FDFT1,0.0,0.0
FER1L4,0.0,0.0
FERMT2,0.0,0.0
FGD3,0.0,0.0
FGD5,0.0,0.0
FGFR3,0.0,0.0
FGFRL1,0.0,0.0
FGL2,0.0,0.0
FILIP1L,0.0,0.0
FJX1,0.0,0.0
FKBP14,0.0,0.0
FKBP1A,0.0,0.0
FKBP3,0.0,0.0
FKBP5,0.0,0.0
FLRT3,0.0,0.0
FMO2,0.0,0.0
FMO5,0.0,0.0
FMOD,0.0,0.0
FNDC1,0.0,0.0
FOS,0.0,0.0
FOSB,0.0,0.0
FOXK1,0.0,0.0
FOXP1-IT1,0.0,0.0
FPR3,0.0,0.0
FRMD6,0.0,0.0
FRS2,0.0,0.0
FRZB,0.0,0.0
FSCN1,0.0,0.0
FSIP1,0.0,0.0
FSTL1,0.0,0.0
FTH1,0.0,0.0
FTH1P3,0.0,0.0
FTO,0.0,0.0
FUT8,0.0,0.0
FXYD5,0.0,0.0
FYB1,0.0,0.0
FZD4,0.0,0.0
FZD7,0.0,0.0
G3BP1,0.0,0.0
G3BP2,0.0,0.0
GAB2,0.0,0.0
GAL,0.0,0.0
GALE,0.0,0.0
GALNT10,0.0,0.0
GALNT16,0.0,0.0
GALNT6,0.0,0.0
GAMT,0.0,0.0
GAPDH,0.0,0.0
GAS1,0.0,0.0
GASK1B,0.0,0.0
GATA3,0.0,0.0
GATM,0.0,0.0
GBP1,0.0,0.0
GBP2,0.0,0.0
GBP4,0.0,0.0
GBP5,0.0,0.0
GCHFR,0.0,0.0
GCNT2,0.0,0.0
GDF15,0.0,0.0
GDPD3,0.0,0.0
GEM,0.0,0.0
GET1,0.0,0.0
GFRA1,0.0,0.0
GGH,0.0,0.0
GGT6,0.0,0.0
GGTLC2,0.0,0.0
GHR,0.0,0.0
GINS2,0.0,0.0
GJA1,0.0,0.0
GJB2,0.0,0.0
GLA,0.0,0.0
GLCE,0.0,0.0
GLI3,0.0,0.0
GLIPR1,0.0,0.0
GLRB,0.0,0.0
GLRX,0.0,0.0
GLRX3,0.0,0.0
GLT8D2,0.0,0.0
GMDS,0.0,0.0
GMNN,0.0,0.0
GNA15,0.0,0.0
GNG10,0.0,0.0
GNG12,0.0,0.0
GNL3L,0.0,0.0
GNPNAT1,0.0,0.0
GOLGA8B,0.0,0.0
GOLM1,0.0,0.0
GOLT1A,0.0,0.0
GP1BB,0.0,0.0
GP2,0.0,0.0
GPATCH4,0.0,0.0
GPC3,0.0,0.0
GPC4,0.0,0.0
GPD1L,0.0,0.0
GPNMB,0.0,0.0
GPR1,0.0,0.0
GPR160,0.0,0.0
GPR162,0.0,0.0
GPR183,0.0,0.0
GPR34,0.0,0.0
GPRC5A,0.0,0.0
GPRC5C,0.0,0.0
GPT2,0.0,0.0
GPX7,0.0,0.0
GPX8,0.0,0.0
GRAMD2A,0.0,0.0
GREB1,0.0,0.0
GREB1L,0.0,0.0
GREM1,0.0,0.0
GRIPAP1,0.0,0.0
GRM4,0.0,0.0
GRP,0.0,0.0
GRTP1,0.0,0.0
GSDMB,0.0,0.0
GSTA4,0.0,0.0
GSTM2,0.0,0.0
GSTM3,0.0,0.0
GSTP1,0.0,0.0
GSTT2B,0.0,0.0
GUSBP14,0.0,0.0
GUSBP2,0.0,0.0
GVINP1,0.0,0.0
GYG2,0.0,0.0
GYPC,0.0,0.0
GZMA,0.0,0.0
GZMK,0.0,0.0
H1-0,0.0,0.0
H1-2,0.0,0.0
H19,0.0,0.0
H2AC20,0.0,0.0
H2AC6,0.0,0.0
H2AJ,0.0,0.0
H2BC12,0.0,0.0
H2BC21,0.0,0.0
H2BC5,0.0,0.0
H2BC8,0.0,0.0
H3-3B,0.0,0.0
H3-5,0.0,0.0
H3C10,0.0,0.0
H3F3A,0.0,0.0
H4C5,0.0,0.0
H4C8,0.0,0.0
HACD1,0.0,0.0
HACD3,0.0,0.0
HAGHL,0.0,0.0
HAMP,0.0,0.0
HAT1,0.0,0.0
HAVCR2,0.0,0.0
HBA2,0.0,0.0
HBB,0.0,0.0
HBEGF,0.0,0.0
HCG2P7,0.0,0.0
HCLS1,0.0,0.0
HCP5,0.0,0.0
HCST,0.0,0.0
HDC,0.0,0.0
HDGFL3,0.0,0.0
HEBP1,0.0,0.0
HEBP2,0.0,0.0
HELZ2,0.0,0.0
HENMT1,0.0,0.0
HERC5,0.0,0.0
HERC6,0.0,0.0
HERPUD1,0.0,0.0
HES6,0.0,0.0
HEY1,0.0,0.0
HEYL,0.0,0.0
HIGD1A,0.0,0.0
HINT1,0.0,0.0
HIPK2,0.0,0.0
HIST2H2AA4,0.0,0.0
HIST2H4B,0.0,0.0
HLA-B,0.0,0.0
HLA-C,0.0,0.0
HLA-DMA,0.0,0.0
HLA-DMB,0.0,0.0
HLA-DOA,0.0,0.0
HLA-DOB,0.0,0.0
HLA-DPA1,0.0,0.0
HLA-DPB1,0.0,0.0
HLA-DQA1,0.0,0.0
HLA-DQB1,0.0,0.0
HLA-DQB2,0.0,0.0
HLA-DRA,0.0,0.0
HLA-DRB3,0.0,0.0
HLA-DRB4,0.0,0.0
HLA-E,0.0,0.0
HLA-F,0.0,0.0
HLA-G,0.0,0.0
HLA-H,0.0,0.0
HM13,0.0,0.0
HMGA1,0.0,0.0
HMGB1,0.0,0.0
HMGB3,0.0,0.0
HMGN1,0.0,0.0
HMMR,0.0,0.0
HMOX1,0.0,0.0
HNMT,0.0,0.0
HNRNPA1,0.0,0.0
HNRNPA1L2,0.0,0.0
HNRNPA1P10,0.0,0.0
HNRNPA1P33,0.0,0.0
HNRNPK,0.0,0.0
HOMER2,0.0,0.0
HOOK1,0.0,0.0
HOPX,0.0,0.0
HOTAIR,0.0,0.0
HOXB2,0.0,0.0
HOXB5,0.0,0.0
HOXB7,0.0,0.0
HOXC13,0.0,0.0
HOXC4,0.0,0.0
HOXC8,0.0,0.0
HOXC9,0.0,0.0
HPN,0.0,0.0
HPX,0.0,0.0
HS3ST3A1,0.0,0.0
HSD17B6,0.0,0.0
HSH2D,0.0,0.0
HSP90AA1,0.0,0.0
HSPA1A,0.0,0.0
HSPA1B,0.0,0.0
HSPA2,0.0,0.0
HSPA6,0.0,0.0
HSPB1,0.0,0.0
HSPB8,0.0,0.0
HYPK,0.0,0.0
ICOS,0.0,0.0
ID1,0.0,0.0
ID2,0.0,0.0
ID3,0.0,0.0
IDH1,0.0,0.0
IDH2,0.0,0.0
IER3,0.0,0.0
IFI16,0.0,0.0
IFI27,0.0,0.0
IFI27L2,0.0,0.0
IFI30,0.0,0.0
IFI35,0.0,0.0
IFI44,0.0,0.0
IFI44L,0.0,0.0
IFI6,0.0,0.0
IFIH1,0.0,0.0
IFIT1,0.0,0.0
IFIT2,0.0,0.0
IFIT3,0.0,0.0
IFITM1,0.0,0.0
IFITM2,0.0,0.0
IFITM3,0.0,0.0
IFT122,0.0,0.0
IGF1R,0.0,0.0
IGFBP2,0.0,0.0
IGFBP3,0.0,0.0
IGFBP5,0.0,0.0
IGFBP7,0.0,0.0
IGHG1,0.0,0.0
IGKC,0.0,0.0
IGLL3P,0.0,0.0
IGSF21,0.0,0.0
IL10,0.0,0.0
IL17RB,0.0,0.0
IL17RD,0.0,0.0
IL18BP,0.0,0.0
IL1RN,0.0,0.0
IL27RA,0.0,0.0
IL2RB,0.0,0.0
IL32,0.0,0.0
IL33,0.0,0.0
IL6ST,0.0,0.0
IL7R,0.0,0.0
IMPA2,0.0,0.0
INAVA,0.0,0.0
INHBB,0.0,0.0
INPP4B,0.0,0.0
INPP5J,0.0,0.0
INSYN1,0.0,0.0
INSYN2A,0.0,0.0
IPO8,0.0,0.0
IQGAP2,0.0,0.0
IRF1,0.0,0.0
IRF2BPL,0.0,0.0
IRF7,0.0,0.0
IRS1,0.0,0.0
IRS2,0.0,0.0
IRX2,0.0,0.0
IRX4,0.0,0.0
IRX5,0.0,0.0
ISG15,0.0,0.0
ISG20,0.0,0.0
ISLR,0.0,0.0
ISOC1,0.0,0.0
ITFG1,0.0,0.0
ITGA11,0.0,0.0
ITGA2,0.0,0.0
ITGAL,0.0,0.0
ITGAM,0.0,0.0
ITGAV,0.0,0.0
ITGAX,0.0,0.0
ITGB1,0.0,0.0
ITGB2,0.0,0.0
ITGB4,0.0,0.0
ITGB7,0.0,0.0
ITK,0.0,0.0
ITM2A,0.0,0.0
ITM2C,0.0,0.0
ITPK1-AS1,0.0,0.0
ITPR1,0.0,0.0
ITPR3,0.0,0.0
ITPRIPL2,0.0,0.0
JADE2,0.0,0.0
JADE3,0.0,0.0
JAM3,0.0,0.0
JCHAIN,0.0,0.0
JPH1,0.0,0.0
JUN,0.0,0.0
JUNB,0.0,0.0
JUP,0.0,0.0
KANK1,0.0,0.0
KANK4,0.0,0.0
KAZALD1,0.0,0.0
KBTBD11,0.0,0.0
KCNK1,0.0,0.0
KCNK2,0.0,0.0
KCNMA1,0.0,0.0
KCNS3,0.0,0.0
KCTD3,0.0,0.0
KCTD6,0.0,0.0
KDELR2,0.0,0.0
KDELR3,0.0,0.0
KHDRBS3,0.0,0.0
KIAA1211L,0.0,0.0
KIAA1324L,0.0,0.0
KIAA1549,0.0,0.0
KIF12,0.0,0.0
KIF13B,0.0,0.0
KIF5C,0.0,0.0
KIT,0.0,0.0
KITLG,0.0,0.0
KLF10,0.0,0.0
KLF2,0.0,0.0
KLF4,0.0,0.0
KLF6,0.0,0.0
KLHDC9,0.0,0.0
KLHL35,0.0,0.0
KLHL5,0.0,0.0
KLK4,0.0,0.0
KLRB1,0.0,0.0
KRT15,0.0,0.0
KRT23,0.0,0.0
KRT7,0.0,0.0
KRT80,0.0,0.0
KRT81,0.0,0.0
KRT86,0.0,0.0
KTN1,0.0,0.0
KYNU,0.0,0.0
LAD1,0.0,0.0
LAMA2,0.0,0.0
LAMA3,0.0,0.0
LAMA5,0.0,0.0
LAMB2,0.0,0.0
LAMC1,0.0,0.0
LAMC2,0.0,0.0
LAMP2,0.0,0.0
LAMP3,0.0,0.0
LAP3,0.0,0.0
LAPTM4B,0.0,0.0
LAPTM5,0.0,0.0
LARGE1,0.0,0.0
LARP4,0.0,0.0
LARP6,0.0,0.0
LASP1,0.0,0.0
LCN2,0.0,0.0
LCOR,0.0,0.0
LCP1,0.0,0.0
LDB2,0.0,0.0
LDHB,0.0,0.0
LDLR,0.0,0.0
LDLRAD3,0.0,0.0
LEF1,0.0,0.0
LEP,0.0,0.0
LEPR,0.0,0.0
LFNG,0.0,0.0
LGALS1,0.0,0.0
LGALS3,0.0,0.0
LGALS3BP,0.0,0.0
LGALS8,0.0,0.0
LGALS9,0.0,0.0
LILRB3,0.0,0.0
LIMCH1,0.0,0.0
LINC00173,0.0,0.0
LINC00467,0.0,0.0
LINC00857,0.0,0.0
LINC01116,0.0,0.0
LINC01720,0.0,0.0
LINC02076,0.0,0.0
LINC02381,0.0,0.0
LINGO1,0.0,0.0
LITAF,0.0,0.0
LMCD1,0.0,0.0
LMO4,0.0,0.0
LOC100505715,0.0,0.0
LOC401261,0.0,0.0
LOC728153,0.0,0.0
LONRF2,0.0,0.0
LOX,0.0,0.0
LPAR1,0.0,0.0
LRG1,0.0,0.0
LRP2,0.0,0.0
LRP5,0.0,0.0
LRP8,0.0,0.0
LRRC15,0.0,0.0
LRRC17,0.0,0.0
LRRC2,0.0,0.0
LRRC26,0.0,0.0
LRRC32,0.0,0.0
LRRC4C,0.0,0.0
LRRC56,0.0,0.0
LRRC6,0.0,0.0
LRRC75B,0.0,0.0
LRRCC1,0.0,0.0
LRRN1,0.0,0.0
LRRN2,0.0,0.0
LSM1,0.0,0.0
LST1,0.0,0.0
LTB,0.0,0.0
LTF,0.0,0.0
LUC7L3,0.0,0.0
LY6E,0.0,0.0
LYN,0.0,0.0
LYPD3,0.0,0.0
LYPD6,0.0,0.0
LYPD6B,0.0,0.0
LYPLA1,0.0,0.0
LYSMD2,0.0,0.0
LYZ,0.0,0.0
LZTS3,0.0,0.0
MACROH2A2,0.0,0.0
MAFA,0.0,0.0
MAFB,0.0,0.0
MAGED1,0.0,0.0
MAGED2,0.0,0.0
MAGT1,0.0,0.0
MAN1C1,0.0,0.0
MAOA,0.0,0.0
MAP1B,0.0,0.0
MAP1LC3A,0.0,0.0
MAP3K20,0.0,0.0
MAP4K1,0.0,0.0
MAP6D1,0.0,0.0
MAPK8IP1,0.0,0.0
MAPK8IP2,0.0,0.0
MARC1,0.0,0.0
MARCHF3,0.0,0.0
MARCHF6,0.0,0.0
MARCKS,0.0,0.0
MARVELD2,0.0,0.0
MAST4,0.0,0.0
MATN2,0.0,0.0
MATN3,0.0,0.0
MBD4,0.0,0.0
MBNL2,0.0,0.0
MBOAT1,0.0,0.0
MBP,0.0,0.0
MCF2L-AS1,0.0,0.0
MCL1,0.0,0.0
MCM2,0.0,0.0
MCM4,0.0,0.0
MCM8,0.0,0.0
MCMDC2,0.0,0.0
MCOLN2,0.0,0.0
MCUB,0.0,0.0
ME1,0.0,0.0
ME3,0.0,0.0
MED30,0.0,0.0
MEG3,0.0,0.0
MEGF10,0.0,0.0
MESP1,0.0,0.0
METRN,0.0,0.0
METTL21A,0.0,0.0
METTL27,0.0,0.0
MFAP2,0.0,0.0
MFAP4,0.0,0.0
MFF,0.0,0.0
MFGE8,0.0,0.0
MGLL,0.0,0.0
MGP,0.0,0.0
MGST1,0.0,0.0
MICALCL,0.0,0.0
MIGA1,0.0,0.0
MIR99AHG,0.0,0.0
MKNK2,0.0,0.0
MLLT6,0.0,0.0
MMD,0.0,0.0
MME,0.0,0.0
MMP11,0.0,0.0
MMP23B,0.0,0.0
MMP3,0.0,0.0
MMP7,0.0,0.0
MMP9,0.0,0.0
MOBKL3,0.0,0.0
MOK,0.0,0.0
MORF4L1,0.0,0.0
MOXD1,0.0,0.0
MPHOSPH6,0.0,0.0
MPST,0.0,0.0
MRPL15,0.0,0.0
MRPS30,0.0,0.0
MRPS35,0.0,0.0
MS4A6A,0.0,0.0
MS4A7,0.0,0.0
MSL3,0.0,0.0
MSMO1,0.0,0.0
MSN,0.0,0.0
MSRB3,0.0,0.0
MST1,0.0,0.0
MT1A,0.0,0.0
MT1E,0.0,0.0
MT1F,0.0,0.0
MT1G,0.0,0.0
MT1H,0.0,0.0
MT1IP,0.0,0.0
MT1M,0.0,0.0
MT2A,0.0,0.0
MTFR1,0.0,0.0
MTHFD2,0.0,0.0
MTMR11,0.0,0.0
MTRNR2L1,0.0,0.0
MTSS1,0.0,0.0
MTURN,0.0,0.0
MUCL1,0.0,0.0
MX1,0.0,0.0
MX2,0.0,0.0
MXRA5,0.0,0.0
MXRA8,0.0,0.0
MYB,0.0,0.0
MYC,0.0,0.0
MYL9,0.0,0.0
MYLK,0.0,0.0
MYO1B,0.0,0.0
MYO6,0.0,0.0
MZB1,0.0,0.0
N4BP2,0.0,0.0
N4BP2L2,0.0,0.0
NACA4P,0.0,0.0
NAMPT,0.0,0.0
NAPSB,0.0,0.0
NAT1,0.0,0.0
NAV2,0.0,0.0
NBPF9,0.0,0.0
NCAM2,0.0,0.0
NCOA7,0.0,0.0
NDN,0.0,0.0
NDP,0.0,0.0
NDRG4,0.0,0.0
NEDD4L,0.0,0.0
NELL2,0.0,0.0
NES,0.0,0.0
NET1,0.0,0.0
NETO2,0.0,0.0
NFE2L3,0.0,0.0
NFIA,0.0,0.0
NFIB,0.0,0.0
NFIC,0.0,0.0
NFIX,0.0,0.0
NFKBIZ,0.0,0.0
NFS1,0.0,0.0
NINJ2,0.0,0.0
NKD2,0.0,0.0
NKG7,0.0,0.0
NKX3-2,0.0,0.0
NLRP2,0.0,0.0
NLRP8,0.0,0.0
NMB,0.0,0.0
NME5,0.0,0.0
NMI,0.0,0.0
NMNAT3,0.0,0.0
NOCT,0.0,0.0
NOSTRIN,0.0,0.0
NPIPB13,0.0,0.0
NPIPL2,0.0,0.0
NPIPL3,0.0,0.0
NPM1,0.0,0.0
NPTN,0.0,0.0
NQO1,0.0,0.0
NR2E3,0.0,0.0
NR2F2,0.0,0.0
NR4A2,0.0,0.0
NREP,0.0,0.0
NRIP3,0.0,0.0
NTN4,0.0,0.0
NUBPL,0.0,0.0
NUCB2,0.0,0.0
NUPR1,0.0,0.0
NUPR2,0.0,0.0
NXN,0.0,0.0
OAS1,0.0,0.0
OAS2,0.0,0.0
OASL,0.0,0.0
OAT,0.0,0.0
OCIAD1,0.0,0.0
ODAM,0.0,0.0
OGN,0.0,0.0
OLFM1,0.0,0.0
OLFML2B,0.0,0.0
OMD,0.0,0.0
OPLAH,0.0,0.0
OPN3,0.0,0.0
OSBPL1A,0.0,0.0
OSGIN1,0.0,0.0
OSR2,0.0,0.0
OSTC,0.0,0.0
OXTR,0.0,0.0
P2RY8,0.0,0.0
PABPC1,0.0,0.0
PAK1,0.0,0.0
PALLD,0.0,0.0
PALM,0.0,0.0
PAM,0.0,0.0
PANK1,0.0,0.0
PANX2,0.0,0.0
PAPSS1,0.0,0.0
PAPSS2,0.0,0.0
PAQR4,0.0,0.0
PARM1,0.0,0.0
PARP10,0.0,0.0
PARP8,0.0,0.0
PCBD1,0.0,0.0
PCDH17,0.0,0.0
PCDH18,0.0,0.0
PCDH7,0.0,0.0
PCDHB2,0.0,0.0
PCDHB9,0.0,0.0
PCED1B,0.0,0.0
PCGF2,0.0,0.0
PCM1,0.0,0.0
PCOLCE,0.0,0.0
PCOLCE2,0.0,0.0
PCYOX1,0.0,0.0
PDCD4,0.0,0.0
PDE4B,0.0,0.0
PDE5A,0.0,0.0
PDE7A,0.0,0.0
PDE8B,0.0,0.0
PDE9A,0.0,0.0
PDGFC,0.0,0.0
PDGFRB,0.0,0.0
PDGFRL,0.0,0.0
PDK4,0.0,0.0
PDLIM1,0.0,0.0
PDLIM3,0.0,0.0
PDPN,0.0,0.0
PDXK,0.0,0.0
PDZK1IP1,0.0,0.0
PEG3,0.0,0.0
PERP,0.0,0.0
PFKFB3,0.0,0.0
PFKP,0.0,0.0
PFN2,0.0,0.0
PGAM1,0.0,0.0
PGK1,0.0,0.0
PGM1,0.0,0.0
PGM5,0.0,0.0
PHLDA1,0.0,0.0
PHYH,0.0,0.0
PHYHD1,0.0,0.0
PIEZO1,0.0,0.0
PIGP,0.0,0.0
PILRB,0.0,0.0
PIM1,0.0,0.0
PIM2,0.0,0.0
PIP,0.0,0.0
PITX1,0.0,0.0
PKIB,0.0,0.0
PLA2G10,0.0,0.0
PLA2G2D,0.0,0.0
PLA2G4C,0.0,0.0
PLAAT1,0.0,0.0
PLAAT3,0.0,0.0
PLAAT4,0.0,0.0
PLAC9,0.0,0.0
PLAT,0.0,0.0
PLAU,0.0,0.0
PLAUR,0.0,0.0
PLBD1,0.0,0.0
PLCG2,0.0,0.0
PLEK,0.0,0.0
PLEKHA4,0.0,0.0
PLEKHA6,0.0,0.0
PLEKHB1,0.0,0.0
PLEKHB2,0.0,0.0
PLEKHF2,0.0,0.0
PLEKHG4,0.0,0.0
PLEKHS1,0.0,0.0
PLGRKT,0.0,0.0
PLIN1,0.0,0.0
PLIN2,0.0,0.0
PLIN4,0.0,0.0
PLLP,0.0,0.0
PLOD2,0.0,0.0
PLPBP,0.0,0.0
PLPP1,0.0,0.0
PLPP2,0.0,0.0
PLPP3,0.0,0.0
PLPP5,0.0,0.0
PLS3,0.0,0.0
PLSCR1,0.0,0.0
PLXDC2,0.0,0.0
PLXNA3,0.0,0.0
PLXNB1,0.0,0.0
PMAIP1,0.0,0.0
PMEPA1,0.0,0.0
PMP22,0.0,0.0
PNKD,0.0,0.0
PNMA2,0.0,0.0
PNMA8A,0.0,0.0
PNPLA3,0.0,0.0
PNPLA7,0.0,0.0
PNPT1,0.0,0.0
PODXL2,0.0,0.0
POLB,0.0,0.0
POMZP3,0.0,0.0
PON3,0.0,0.0
POSTN,0.0,0.0
POTEKP,0.0,0.0
PPA2,0.0,0.0
PPARG,0.0,0.0
PPCS,0.0,0.0
PPFIA1,0.0,0.0
PPFIBP2,0.0,0.0
PPIA,0.0,0.0
PPIC,0.0,0.0
PPP1R1A,0.0,0.0
PPP1R3C,0.0,0.0
PPP2CB,0.0,0.0
PPP2R2C,0.0,0.0
PRAG1,0.0,0.0
PRCP,0.0,0.0
PRDX2,0.0,0.0
PRDX3,0.0,0.0
PREX1,0.0,0.0
PRICKLE1,0.0,0.0
PRICKLE2,0.0,0.0
PRKAR1A,0.0,0.0
PRKCB,0.0,0.0
PRLR,0.0,0.0
PRND,0.0,0.0
PRNP,0.0,0.0
PRODH,0.0,0.0
PROM1,0.0,0.0
PROS1,0.0,0.0
PRR15L,0.0,0.0
PRRT2,0.0,0.0
PRRT3,0.0,0.0
PRRX2,0.0,0.0
PRSS23,0.0,0.0
PSD3,0.0,0.0
PSMA6,0.0,0.0
PSMB8,0.0,0.0
PSMB9,0.0,0.0
PSMC1,0.0,0.0
PSMC4,0.0,0.0
PSMD7,0.0,0.0
PSMG1,0.0,0.0
PTGER3,0.0,0.0
PTGES,0.0,0.0
PTGES3,0.0,0.0
PTGR1,0.0,0.0
PTGS2,0.0,0.0
PTHLH,0.0,0.0
PTK7,0.0,0.0
PTMA,0.0,0.0
PTMS,0.0,0.0
PTN,0.0,0.0
PTP4A2,0.0,0.0
PTPLAD2,0.0,0.0
PTPRCAP,0.0,0.0
PTPRK,0.0,0.0
PTPRT,0.0,0.0
PVRIG,0.0,0.0
PXDN,0.0,0.0
PXMP2,0.0,0.0
PYCARD,0.0,0.0
PYGL,0.0,0.0
QDPR,0.0,0.0
QPCT,0.0,0.0
QPRT,0.0,0.0
QSOX1,0.0,0.0
RAB11FIP1,0.0,0.0
RAB26,0.0,0.0
RAB27B,0.0,0.0
RAB30,0.0,0.0
RAB32,0.0,0.0
RAB34,0.0,0.0
RAB38,0.0,0.0
RAB3IP,0.0,0.0
RABEP1,0.0,0.0
RAC2,0.0,0.0
RAD21,0.0,0.0
RAD51C,0.0,0.0
RAMP1,0.0,0.0
RAMP3,0.0,0.0
RAP1GAP,0.0,0.0
RARA,0.0,0.0
RARRES1,0.0,0.0
RASAL3,0.0,0.0
RASD1,0.0,0.0
RASD2,0.0,0.0
RASEF,0.0,0.0
RASL11B,0.0,0.0
RASSF5,0.0,0.0
RAX2,0.0,0.0
RBBP7,0.0,0.0
RBBP8,0.0,0.0
RBIS,0.0,0.0
RBM14,0.0,0.0
RBM47,0.0,0.0
RBMS1,0.0,0.0
RBP1,0.0,0.0
RBP7,0.0,0.0
RCAN1,0.0,0.0
RCN3,0.0,0.0
REC8,0.0,0.0
REEP1,0.0,0.0
REEP5,0.0,0.0
REEP6,0.0,0.0
RENBP,0.0,0.0
REPS2,0.0,0.0
RETREG1,0.0,0.0
RGCC,0.0,0.0
RGMA,0.0,0.0
RGPD1,0.0,0.0
RGS1,0.0,0.0
RGS11,0.0,0.0
RGS16,0.0,0.0
RGS2,0.0,0.0
RGS4,0.0,0.0
RGS5,0.0,0.0
RHBDF1,0.0,0.0
RHBDL1,0.0,0.0
RHBDL2,0.0,0.0
RHBDL3,0.0,0.0
RHEX,0.0,0.0
RHOB,0.0,0.0
RHOBTB3,0.0,0.0
RIN2,0.0,0.0
RIPOR2,0.0,0.0
RN7SK,0.0,0.0
RNA18SN5,0.0,0.0
RNA28SN5,0.0,0.0
RNASE1,0.0,0.0
RNASE4,0.0,0.0
RND2,0.0,0.0
RND3,0.0,0.0
RNF144A,0.0,0.0
RNF145,0.0,0.0
RNF150,0.0,0.0
RNF165,0.0,0.0
RNU11,0.0,0.0
ROR2,0.0,0.0
RPL10,0.0,0.0
RPL10A,0.0,0.0
RPL13A,0.0,0.0
RPL14,0.0,0.0
RPL15,0.0,0.0
RPL17,0.0,0.0
RPL18A,0.0,0.0
RPL21,0.0,0.0
RPL22,0.0,0.0
RPL23,0.0,0.0
RPL23AP64,0.0,0.0
RPL26,0.0,0.0
RPL29,0.0,0.0
RPL3,0.0,0.0
RPL31,0.0,0.0
RPL34,0.0,0.0
RPL36A,0.0,0.0
RPL37A,0.0,0.0
RPL39L,0.0,0.0
RPL7,0.0,0.0
RPL7A,0.0,0.0
RPL8,0.0,0.0
RPL9,0.0,0.0
RPLP0,0.0,0.0
RPLP1,0.0,0.0
RPLP2,0.0,0.0
RPN2,0.0,0.0
RPS11,0.0,0.0
RPS12,0.0,0.0
RPS15A,0.0,0.0
RPS2,0.0,0.0
RPS21,0.0,0.0
RPS23,0.0,0.0
RPS25,0.0,0.0
RPS26,0.0,0.0
RPS26P11,0.0,0.0
RPS27,0.0,0.0
RPS28,0.0,0.0
RPS29,0.0,0.0
RPS3A,0.0,0.0
RPS4X,0.0,0.0
RPS5,0.0,0.0
RPS7,0.0,0.0
RPSA,0.0,0.0
RPSAP52,0.0,0.0
RRAGD,0.0,0.0
RRP7A,0.0,0.0
RSAD2,0.0,0.0
RSPH1,0.0,0.0
RTN4,0.0,0.0
RTP4,0.0,0.0
RUNX3,0.0,0.0
S100A1,0.0,0.0
S100A10,0.0,0.0
S100A13,0.0,0.0
S100A4,0.0,0.0
S100A6,0.0,0.0
S100A8,0.0,0.0
S100A9,0.0,0.0
S100P,0.0,0.0
S1PR3,0.0,0.0
SAA1,0.0,0.0
SALL2,0.0,0.0
SALL4,0.0,0.0
SAMD9,0.0,0.0
SAMD9L,0.0,0.0
SAP30,0.0,0.0
SAPCD2,0.0,0.0
SAPS2,0.0,0.0
SASH1,0.0,0.0
SBK1,0.0,0.0
SBSPON,0.0,0.0
SC5D,0.0,0.0
SCARA3,0.0,0.0
SCD,0.0,0.0
SCG5,0.0,0.0
SCGB1D2,0.0,0.0
SCGB2A1,0.0,0.0
SCGB2A2,0.0,0.0
SCNN1A,0.0,0.0
SCNN1B,0.0,0.0
SCPEP1,0.0,0.0
SCRIB,0.0,0.0
SCUBE2,0.0,0.0
SDC1,0.0,0.0
SDC4,0.0,0.0
SDCBP,0.0,0.0
SDHAF3,0.0,0.0
SDHD,0.0,0.0
SEC11C,0.0,0.0
SEC14L2,0.0,0.0
SEC61G,0.0,0.0
SEL1L3,0.0,0.0
SELENOF,0.0,0.0
SELENOM,0.0,0.0
SELENOP,0.0,0.0
SEMA3B,0.0,0.0
SEMA3C,0.0,0.0
SEMA3E,0.0,0.0
SEMA3F,0.0,0.0
SEMA4B,0.0,0.0
SEMA6A,0.0,0.0
SEPTIN11,0.0,0.0
SERP2,0.0,0.0
SERPINA1,0.0,0.0
SERPINA11,0.0,0.0
SERPINA5,0.0,0.0
SERPINB5,0.0,0.0
SERPINE1,0.0,0.0
SERPINE2,0.0,0.0
SERPINH1,0.0,0.0
SERTAD4,0.0,0.0
SESTD1,0.0,0.0
SETBP1,0.0,0.0
SEZ6L2,0.0,0.0
SF3B6,0.0,0.0
SFRP1,0.0,0.0
SFRP4,0.0,0.0
SFXN5,0.0,0.0
SGCE,0.0,0.0
SGK1,0.0,0.0
SGK3,0.0,0.0
SGSM1,0.0,0.0
SGSM2,0.0,0.0
SH3BGRL,0.0,0.0
SH3BGRL2,0.0,0.0
SH3BP4,0.0,0.0
SH3GLB2,0.0,0.0
SH3PXD2A,0.0,0.0
SHISA2,0.0,0.0
SHROOM4,0.0,0.0
SIAH2,0.0,0.0
SIPA1L2,0.0,0.0
SIRPA,0.0,0.0
SIX1,0.0,0.0
SLAMF6,0.0,0.0
SLAMF8,0.0,0.0
SLC11A1,0.0,0.0
SLC12A2,0.0,0.0
SLC15A3,0.0,0.0
SLC16A3,0.0,0.0
SLC16A5,0.0,0.0
SLC16A6,0.0,0.0
SLC1A3,0.0,0.0
SLC1A4,0.0,0.0
SLC22A17,0.0,0.0
SLC22A18,0.0,0.0
SLC22A18AS,0.0,0.0
SLC22A23,0.0,0.0
SLC24A3,0.0,0.0
SLC25A4,0.0,0.0
SLC25A5,0.0,0.0
SLC2A1,0.0,0.0
SLC2A10,0.0,0.0
SLC2A3,0.0,0.0
SLC2A5,0.0,0.0
SLC31A2,0.0,0.0
SLC35E1,0.0,0.0
SLC35F2,0.0,0.0
SLC37A2,0.0,0.0
SLC38A1,0.0,0.0
SLC39A4,0.0,0.0
SLC40A1,0.0,0.0
SLC44A4,0.0,0.0
SLC49A3,0.0,0.0
SLC4A11,0.0,0.0
SLC4A5,0.0,0.0
SLC4A8,0.0,0.0
SLC5A1,0.0,0.0
SLC5A6,0.0,0.0
SLC66A3,0.0,0.0
SLC6A10P,0.0,0.0
SLC6A9,0.0,0.0
SLC7A2,0.0,0.0
SLC7A5,0.0,0.0
SLC7A7,0.0,0.0
SLC7A8,0.0,0.0
SLC9A3R1,0.0,0.0
SLCO2A1,0.0,0.0
SLFN11,0.0,0.0
SLIT2,0.0,0.0
SLPI,0.0,0.0
SMA4,0.0,0.0
SMAGP,0.0,0.0
SMARCD3,0.0,0.0
SMCO4,0.0,0.0
SMIM14,0.0,0.0
SMOC2,0.0,0.0
SMPDL3A,0.0,0.0
SNAI2,0.0,0.0
SNCAIP,0.0,0.0
SNCG,0.0,0.0
SNHG5,0.0,0.0
SNORC,0.0,0.0
SNX10,0.0,0.0
SNX7,0.0,0.0
SOCS2,0.0,0.0
SOD2,0.0,0.0
SORBS2,0.0,0.0
SORL1,0.0,0.0
SP140,0.0,0.0
SPA17,0.0,0.0
SPAG16,0.0,0.0
SPARC,0.0,0.0
SPARCL1,0.0,0.0
SPATA18,0.0,0.0
SPATA20,0.0,0.0
SPATS2L,0.0,0.0
SPCS1,0.0,0.0
SPCS2,0.0,0.0
SPCS2P4,0.0,0.0
SPG21,0.0,0.0
SPHK1,0.0,0.0
SPOCK1,0.0,0.0
SPOCK2,0.0,0.0
SPON1,0.0,0.0
SPP1,0.0,0.0
SPR,0.0,0.0
SPRY1,0.0,0.0
SPTLC1,0.0,0.0
SPTSSA,0.0,0.0
SQSTM1,0.0,0.0
SRARP,0.0,0.0
SRGAP1,0.0,0.0
SRGN,0.0,0.0
SRI,0.0,0.0
SRPX,0.0,0.0
SRPX2,0.0,0.0
SSC5D,0.0,0.0
SSH3,0.0,0.0
SSPN,0.0,0.0
SSTR2,0.0,0.0
ST3GAL1,0.0,0.0
ST6GAL1,0.0,0.0
STARD13,0.0,0.0
STAT1,0.0,0.0
STC1,0.0,0.0
STC2,0.0,0.0
STEAP1,0.0,0.0
STEAP1B,0.0,0.0
STEAP2,0.0,0.0
STEAP3,0.0,0.0
STK26,0.0,0.0
STK32B,0.0,0.0
STK36,0.0,0.0
STK39,0.0,0.0
STMND1,0.0,0.0
STOM,0.0,0.0
STOX2,0.0,0.0
STRC,0.0,0.0
SUB1,0.0,0.0
SUGCT,0.0,0.0
SULF2,0.0,0.0
SULT2B1,0.0,0.0
SUMO1P3,0.0,0.0
SUMO2,0.0,0.0
SUSD4,0.0,0.0
SVEP1,0.0,0.0
SYAP1,0.0,0.0
SYBU,0.0,0.0
SYK,0.0,0.0
SYN1,0.0,0.0
SYNDIG1,0.0,0.0
SYNGR1,0.0,0.0
SYNJ2BP,0.0,0.0
SYNPO2,0.0,0.0
SYPL1,0.0,0.0
SYT13,0.0,0.0
SYT17,0.0,0.0
SYT7,0.0,0.0
SYTL2,0.0,0.0
SYTL4,0.0,0.0
TACC1,0.0,0.0
TAGLN,0.0,0.0
TAGLN2,0.0,0.0
TAP1,0.0,0.0
TAP2,0.0,0.0
TBC1D10C,0.0,0.0
TBC1D9,0.0,0.0
TBL1X,0.0,0.0
TBX3,0.0,0.0
TC2N,0.0,0.0
TCEA1,0.0,0.0
TCEA3,0.0,0.0
TCEAL1,0.0,0.0
TCEAL3,0.0,0.0
TCEAL4,0.0,0.0
TCIM,0.0,0.0
TCP1,0.0,0.0
TCTEX1D2,0.0,0.0
TCTN3,0.0,0.0
TDO2,0.0,0.0
TDP1,0.0,0.0
TEAD2,0.0,0.0
TENT5A,0.0,0.0
TENT5B,0.0,0.0
TENT5C,0.0,0.0
TFAP2B,0.0,0.0
TFAP2C,0.0,0.0
TFCP2L1,0.0,0.0
TFF1,0.0,0.0
TFF3,0.0,0.0
TFG,0.0,0.0
TFRC,0.0,0.0
TGFB3,0.0,0.0
TGFBI,0.0,0.0
TGFBR3,0.0,0.0
TGM2,0.0,0.0
THBS1,0.0,0.0
THBS2,0.0,0.0
THNSL2,0.0,0.0
THOC3,0.0,0.0
THRA,0.0,0.0
THRSP,0.0,0.0
TIMP2,0.0,0.0
TLCD1,0.0,0.0
TLCD3B,0.0,0.0
TLE1,0.0,0.0
TLE2,0.0,0.0
TM4SF1,0.0,0.0
TM7SF2,0.0,0.0
TMC4,0.0,0.0
TMC6,0.0,0.0
TMCO3,0.0,0.0
TMED10,0.0,0.0
TMED10P1,0.0,0.0
TMEM107,0.0,0.0
TMEM119,0.0,0.0
TMEM123,0.0,0.0
TMEM126A,0.0,0.0
TMEM132A,0.0,0.0
TMEM139,0.0,0.0
TMEM144,0.0,0.0
TMEM145,0.0,0.0
TMEM14B,0.0,0.0
TMEM158,0.0,0.0
TMEM17,0.0,0.0
TMEM176A,0.0,0.0
TMEM205,0.0,0.0
TMEM241,0.0,0.0
TMEM267,0.0,0.0
TMEM30B,0.0,0.0
TMEM45A,0.0,0.0
TMEM47,0.0,0.0
TMEM74B,0.0,0.0
TMEM97,0.0,0.0
TMEM98,0.0,0.0
TMPRSS2,0.0,0.0
TMPRSS3,0.0,0.0
TMPRSS6,0.0,0.0
TNC,0.0,0.0
TNFAIP3,0.0,0.0
TNFAIP6,0.0,0.0
TNFRSF11B,0.0,0.0
TNFRSF12A,0.0,0.0
TNFRSF17,0.0,0.0
TNFRSF19,0.0,0.0
TNFRSF21,0.0,0.0
TNFRSF25,0.0,0.0
TNFSF10,0.0,0.0
TNFSF14,0.0,0.0
TNK2,0.0,0.0
TOB1,0.0,0.0
TOMM20,0.0,0.0
TOX2,0.0,0.0
TOX3,0.0,0.0
TPD52L1,0.0,0.0
TPGS2,0.0,0.0
TPM1,0.0,0.0
TPM2,0.0,0.0
TPM3,0.0,0.0
TPSAB1,0.0,0.0
TPT1,0.0,0.0
TRAF3IP3,0.0,0.0
TRIB1,0.0,0.0
TRIB2,0.0,0.0
TRIB3,0.0,0.0
TRIL,0.0,0.0
TRIM2,0.0,0.0
TRIP13,0.0,0.0
TRO,0.0,0.0
TRPM4,0.0,0.0
TSC22D1,0.0,0.0
TSC22D3,0.0,0.0
TSKU,0.0,0.0
TSNAX,0.0,0.0
TSPAN1,0.0,0.0
TSPAN13,0.0,0.0
TSPAN5,0.0,0.0
TSPAN6,0.0,0.0
TSPYL5,0.0,0.0
TTLL12,0.0,0.0
TTYH3,0.0,0.0
TUBA1B,0.0,0.0
TUBA3E,0.0,0.0
TUBB2A,0.0,0.0
TUBB3,0.0,0.0
TUBB6,0.0,0.0
TUSC3,0.0,0.0
TWIST1,0.0,0.0
TXNDC5,0.0,0.0
TXNIP,0.0,0.0
TYMP,0.0,0.0
TYROBP,0.0,0.0
UBD,0.0,0.0
UBE2E2,0.0,0.0
UBE2E3,0.0,0.0
UBE2L6,0.0,0.0
UCP2,0.0,0.0
UGCG,0.0,0.0
UGDH,0.0,0.0
UGP2,0.0,0.0
UGT2B7,0.0,0.0
UPK1A,0.0,0.0
UPP1,0.0,0.0
UQCRB,0.0,0.0
UQCRBP1,0.0,0.0
UQCRC2,0.0,0.0
UQCRH,0.0,0.0
UQCRHL,0.0,0.0
USP49,0.0,0.0
UVSSA,0.0,0.0
VANGL2,0.0,0.0
VASN,0.0,0.0
VAV3,0.0,0.0
VCAM1,0.0,0.0
VEGFA,0.0,0.0
VGF,0.0,0.0
VIM,0.0,0.0
VIPR1,0.0,0.0
VKORC1,0.0,0.0
VLDLR,0.0,0.0
VPREB3,0.0,0.0
VPS25,0.0,0.0
VRK2,0.0,0.0
VTCN1,0.0,0.0
VWF,0.0,0.0
WAS,0.0,0.0
WDR74,0.0,0.0
WFS1,0.0,0.0
WLS,0.0,0.0
WNK4,0.0,0.0
WNT5A,0.0,0.0
WWOX,0.0,0.0
WWP1,0.0,0.0
XAF1,0.0,0.0
XBP1,0.0,0.0
XRCC2,0.0,0.0
XYLT1,0.0,0.0
YAP1,0.0,0.0
YBX1,0.0,0.0
YBX2,0.0,0.0
YBX3P1,0.0,0.0
YEATS4,0.0,0.0
YES1,0.0,0.0
YME1L1,0.0,0.0
YY1,0.0,0.0
ZADH2,0.0,0.0
ZC2HC1A,0.0,0.0
ZCCHC24,0.0,0.0
ZDHHC11,0.0,0.0
ZFAND6,0.0,0.0
ZFP36,0.0,0.0
ZFP36L1,0.0,0.0
ZFP36L2,0.0,0.0
ZG16B,0.0,0.0
ZMYND10,0.0,0.0
ZNF14,0.0,0.0
ZNF148,0.0,0.0
ZNF185,0.0,0.0
ZNF217,0.0,0.0
ZNF223,0.0,0.0
ZNF239,0.0,0.0
ZNF281,0.0,0.0
ZNF296,0.0,0.0
ZNF385D,0.0,0.0
ZNF394,0.0,0.0
ZNF395,0.0,0.0
ZNF462,0.0,0.0
ZNF467,0.0,0.0
ZNF486,0.0,0.0
ZNF503,0.0,0.0
ZNF518B,0.0,0.0
ZNF549,0.0,0.0
ZNF626,0.0,0.0
ZNF652,0.0,0.0
ZNF682,0.0,0.0
ZNF683,0.0,0.0
ZNF69,0.0,0.0
ZNF704,0.0,0.0
ZNF750,0.0,0.0
ZNF786,0.0,0.0
ZNF827,0.0,0.0
ZNF91,0.0,0.0
ZNHIT3,0.0,0.0
